bin,n,mean_predicted,observed_rate,model
1,2413,0.094905,0.117281,rfm_cell_rate
2,2413,0.150978,0.171571,rfm_cell_rate
3,2413,0.240413,0.244923,rfm_cell_rate
4,2413,0.350772,0.377124,rfm_cell_rate
5,2413,0.424529,0.430999,rfm_cell_rate
6,2413,0.549909,0.54455,rfm_cell_rate
7,2413,0.606151,0.618317,rfm_cell_rate
8,2413,0.718059,0.68131,rfm_cell_rate
9,2413,0.777815,0.743473,rfm_cell_rate
10,2413,0.849056,0.84915,rfm_cell_rate
1,2413,0.04775,0.063407,logistic_regression
2,2413,0.131897,0.156237,logistic_regression
3,2413,0.234216,0.234563,logistic_regression
4,2413,0.347458,0.329051,logistic_regression
5,2413,0.456911,0.452134,logistic_regression
6,2413,0.559889,0.54455,logistic_regression
7,2413,0.650509,0.623705,logistic_regression
8,2413,0.72902,0.711977,logistic_regression
9,2413,0.79913,0.78823,logistic_regression
10,2413,0.870402,0.874845,logistic_regression
1,2413,0.060771,0.067965,gradient_boosting
2,2413,0.152918,0.134687,gradient_boosting
3,2413,0.248179,0.230833,gradient_boosting
4,2413,0.347581,0.334853,gradient_boosting
5,2413,0.449893,0.445918,gradient_boosting
6,2413,0.548126,0.55201,gradient_boosting
7,2413,0.638068,0.632822,gradient_boosting
8,2413,0.725543,0.685868,gradient_boosting
9,2413,0.81826,0.802735,gradient_boosting
10,2413,0.905096,0.891007,gradient_boosting
