decile,customers,churners,mean_predicted,churn_rate,lift,cumulative_capture
1,2414,2150,0.904835,0.890638,1.863767,0.186454
2,2414,1937,0.818063,0.802403,1.679124,0.354436
3,2412,1654,0.725528,0.685738,1.434989,0.497875
4,2413,1518,0.637947,0.629092,1.316451,0.62952
5,2412,1345,0.548173,0.557629,1.166905,0.746163
6,2414,1078,0.450159,0.446562,0.934484,0.83965
7,2411,795,0.34755,0.329739,0.690018,0.908594
8,2414,562,0.248228,0.232809,0.48718,0.957332
9,2412,329,0.15299,0.136401,0.285436,0.985864
10,2414,163,0.060812,0.067523,0.1413,1.0
