share_targeted,random,recency_rule,rfm_cell_rate,gradient_boosting
0.0,0.0,0.0,0.0,0.0
0.02,0.02,0.035001,0.036571,0.038383
0.04,0.04,0.071043,0.073142,0.07694
0.06,0.06,0.105039,0.109714,0.113749
0.08,0.08,0.138212,0.144726,0.150499
0.1,0.1,0.172266,0.177363,0.186367
0.12,0.12,0.206192,0.210072,0.220227
0.14,0.14,0.238418,0.242664,0.254927
0.16,0.16,0.268858,0.275147,0.289699
0.18,0.18,0.296713,0.305331,0.322258
0.2,0.2,0.326459,0.333837,0.354332
0.22,0.22,0.354339,0.363106,0.383894
0.24,0.24,0.382378,0.392667,0.412818
0.26,0.26,0.411617,0.420784,0.443909
0.28,0.28,0.438325,0.448075,0.471349
0.3,0.3,0.464591,0.475351,0.497806
0.32,0.32,0.488284,0.503164,0.525634
0.34,0.34,0.512105,0.529971,0.552528
0.36,0.36,0.536679,0.555522,0.578687
0.38,0.38,0.5588,0.58055,0.604836
0.4,0.4,0.580696,0.604809,0.629468
0.42,0.42,0.601773,0.628777,0.654875
0.44,0.44,0.622482,0.652744,0.678557
0.46,0.46,0.645054,0.675391,0.702423
0.48,0.48,0.664366,0.697732,0.724003
0.5,0.5,0.683028,0.720061,0.746163
0.52,0.52,0.700258,0.741697,0.766997
0.54,0.54,0.718325,0.761341,0.786031
0.56,0.56,0.73451,0.779401,0.804714
0.58,0.58,0.750794,0.795756,0.822132
0.6,0.6,0.765987,0.811503,0.839615
0.62,0.62,0.782846,0.82739,0.85569
0.64,0.64,0.798113,0.843276,0.870908
0.66,0.66,0.812679,0.858961,0.883729
0.68,0.68,0.8272,0.874113,0.897293
0.7,0.7,0.841367,0.888378,0.908629
0.72,0.72,0.855499,0.899457,0.920815
0.74,0.74,0.868116,0.909975,0.930795
0.76,0.76,0.880728,0.919821,0.940258
0.78,0.78,0.892297,0.929838,0.949007
0.8,0.8,0.903217,0.939835,0.957315
0.82,0.82,0.914193,0.949831,0.963708
0.84,0.84,0.926435,0.959828,0.970896
0.86,0.86,0.937112,0.967013,0.975718
0.88,0.88,0.947186,0.971833,0.980532
0.9,0.9,0.956587,0.976528,0.985864
0.92,0.92,0.965408,0.981222,0.990894
0.94,0.94,0.974375,0.985917,0.99419
0.96,0.96,0.983609,0.990611,0.996791
0.98,0.98,0.99241,0.995306,0.998179
1.0,1.0,1.0,1.0,1.0
