term,feature,coefficient,odds_ratio
browse_sessions_90d,browse_sessions_90d,-0.430096,0.650447
days_since_last_order,days_since_last_order,0.427267,1.533062
acquisition_channel_display,acquisition_channel,0.287365,1.332911
orders_total,orders_total,-0.249863,0.778907
orders_90d,orders_90d,-0.221919,0.800981
days_since_last_session,days_since_last_session,0.177024,1.19366
email_open_rate_90d,email_open_rate_90d,-0.174965,0.839486
acquisition_channel_referral,acquisition_channel,-0.166808,0.846362
acquisition_channel_organic_search,acquisition_channel,-0.145574,0.864526
browse_sessions_30d,browse_sessions_30d,-0.141805,0.867791
acquisition_channel_paid_social,acquisition_channel,0.134241,1.143668
plus_member,plus_member,-0.123586,0.883746
region_southwest,region,0.112582,1.119164
email_clicks_90d,email_clicks_90d,0.102593,1.10804
plus_cancelled_180d,plus_cancelled_180d,0.099378,1.104484
age_band_65+,age_band,0.089759,1.093911
age_band_25-34,age_band,-0.072361,0.930195
email_opt_in,email_opt_in,0.072205,1.074875
first_order_discounted,first_order_discounted,0.06475,1.066892
age_band_35-44,age_band,-0.060927,0.940892
acquisition_channel_email,acquisition_channel,-0.058808,0.942888
category_count,category_count,-0.057337,0.944276
income_band_middle,income_band,-0.053554,0.947855
open_contacts,open_contacts,0.050212,1.051494
device_type_mobile,device_type,-0.048107,0.953032
device_type_tablet,device_type,0.047454,1.048598
region_west,region,-0.046804,0.954275
orders_prev_90d,orders_prev_90d,-0.044204,0.956759
income_band_low,income_band,0.042979,1.043916
discount_share,discount_share,-0.040936,0.95989
acquisition_channel_paid_search,acquisition_channel,-0.039344,0.96142
age_band_18-24,age_band,0.037334,1.03804
store_order_share,store_order_share,-0.035905,0.964732
region_midwest,region,-0.03448,0.966107
app_order_share,app_order_share,-0.033847,0.96672
region_northeast,region,-0.032883,0.967652
slow_resolution_contacts_180d,slow_resolution_contacts_180d,0.025952,1.026292
age_band_55-64,age_band,0.021188,1.021414
emails_received_90d,emails_received_90d,-0.019794,0.980401
net_revenue_180d,net_revenue_180d,-0.016241,0.98389
age_band_45-54,age_band,-0.014992,0.985119
avg_order_value,avg_order_value,0.014331,1.014434
acquisition_channel_affiliate,acquisition_channel,-0.011072,0.988989
income_band_high,income_band,0.010574,1.01063
tenure_days,tenure_days,-0.009025,0.991016
support_contacts_180d,support_contacts_180d,-0.008803,0.991236
low_csat_contacts_180d,low_csat_contacts_180d,0.004747,1.004758
region_southeast,region,0.001585,1.001586
device_type_desktop,device_type,0.000653,1.000653
