depth,policy,roi,break_even_save_rate,customers_targeted_per_run,churners_targeted_per_run,expected_saves_per_run,incremental_margin_per_run,program_cost_per_run,net_value_per_run
0.0,random,,inf,0.0,0.0,0.0,0.0,0.0,0.0
0.0,recency_rule,,inf,0.0,0.0,0.0,0.0,0.0,0.0
0.0,rfm_cell_rate,,inf,0.0,0.0,0.0,0.0,0.0,0.0
0.0,risk_ranked,,inf,0.0,0.0,0.0,0.0,0.0,0.0
0.0,value_ranked,,inf,0.0,0.0,0.0,0.0,0.0,0.0
0.02,random,0.344499,0.106165,120.65,57.655,8.64825,701.973068,522.1075,179.865568
0.02,recency_rule,0.625899,0.072898,120.65,100.9,15.135,602.802135,370.75,232.052135
0.02,rfm_cell_rate,0.623849,0.070581,120.65,105.425624,15.813844,576.320887,354.910316,221.410571
0.02,risk_ranked,1.558321,0.036819,120.65,110.65,16.5975,861.194805,336.625,524.569805
0.02,value_ranked,8.273477,0.011788,120.65,84.22,12.633,3979.527345,429.13,3550.397345
0.04,random,0.344499,0.106165,241.3,115.31,17.2965,1403.946135,1044.215,359.731135
0.04,recency_rule,0.762556,0.064786,241.3,204.8,30.72,1288.42842,731.0,557.42842
0.04,rfm_cell_rate,0.623849,0.070581,241.3,210.851248,31.627687,1152.641774,709.820633,442.821141
0.04,risk_ranked,1.439962,0.038921,241.3,221.8,33.27,1638.43443,671.5,966.93443
0.04,value_ranked,6.270732,0.015306,241.3,166.05,24.9075,6300.99795,866.625,5434.37295
0.06,random,0.344499,0.106165,361.95,172.965,25.94475,2105.919202,1566.3225,539.596702
0.06,recency_rule,0.869076,0.060747,361.95,302.8,45.42,2078.22534,1111.9,966.32534
0.06,rfm_cell_rate,0.623849,0.070581,361.95,316.276872,47.441531,1728.962661,1064.730949,664.231712
0.06,risk_ranked,1.367118,0.041314,361.95,327.91,49.1865,2423.963955,1024.015,1399.948955
0.06,value_ranked,5.100943,0.018714,361.95,241.4,36.21,8094.731775,1326.8,6767.931775
0.08,random,0.344499,0.106165,482.6,230.62,34.593,2807.89227,2088.43,719.46227
0.08,recency_rule,0.884589,0.060735,482.6,398.43,59.7645,2828.94768,1501.095,1327.85268
0.08,rfm_cell_rate,0.814466,0.061373,482.6,417.209188,62.581378,2604.425541,1435.367841,1169.0577
0.08,risk_ranked,1.326813,0.042667,482.6,433.85,65.0775,3204.31257,1377.125,1827.18757
0.08,value_ranked,4.368735,0.021667,482.6,314.19,47.1285,9641.898855,1795.935,7845.963855
0.1,random,0.344499,0.106165,603.25,288.275,43.24125,3509.865338,2610.5375,899.327837
0.1,recency_rule,0.929528,0.059084,603.25,496.6,74.49,3630.214125,1881.4,1748.814125
0.1,rfm_cell_rate,0.830283,0.061746,603.25,511.292193,76.693829,3349.376513,1829.977323,1519.39919
0.1,risk_ranked,1.355928,0.042532,603.25,537.25,80.5875,4097.2533,1739.125,2358.1283
0.1,value_ranked,3.81787,0.024532,603.25,384.35,57.6525,10957.16085,2274.275,8682.88585
0.12,random,0.344499,0.106165,723.9,345.93,51.8895,4211.838405,3132.645,1079.193405
0.12,recency_rule,0.969703,0.057689,723.9,594.4,89.16,4457.4381,2263.0,2194.4381
0.12,rfm_cell_rate,0.758984,0.065701,723.9,605.583971,90.837596,3911.726863,2223.856102,1687.870761
0.12,risk_ranked,1.270364,0.045384,723.9,634.86,95.229,4816.3281,2121.39,2694.9381
0.12,value_ranked,3.482202,0.026589,723.9,456.91,68.5365,12300.12624,2744.215,9555.91124
0.14,random,0.344499,0.106165,844.55,403.585,60.53775,4913.811473,3654.7525,1259.058972
0.14,recency_rule,1.010087,0.056633,844.55,687.3,103.095,5350.34913,2661.75,2688.59913
0.14,rfm_cell_rate,0.784361,0.064971,844.55,699.539358,104.930904,4673.085525,2618.912247,2054.173278
0.14,risk_ranked,1.247122,0.04638,844.55,734.89,110.2335,5606.985585,2495.185,3111.800585
0.14,value_ranked,3.265457,0.028123,844.55,528.64,79.296,13722.231825,3217.06,10505.171825
0.16,random,0.344499,0.106165,965.2,461.24,69.186,5615.78454,4176.86,1438.92454
0.16,recency_rule,1.011279,0.057145,965.2,775.05,116.2575,6191.771955,3078.525,3113.246955
0.16,rfm_cell_rate,0.834451,0.063069,965.2,793.179201,118.97688,5531.002155,3015.072796,2515.929359
0.16,risk_ranked,1.241113,0.046824,965.2,835.13,125.2695,6428.060625,2868.245,3559.815625
0.16,value_ranked,2.989541,0.030379,965.2,595.22,89.283,14792.937675,3707.93,11085.007675
0.18,random,0.344499,0.106165,1085.85,518.895,77.83425,6317.757608,4698.9675,1618.790108
0.18,recency_rule,0.9804,0.059,1085.85,855.35,128.3025,6973.731825,3521.375,3452.356825
0.18,rfm_cell_rate,0.860306,0.062563,1085.85,880.193665,132.02905,6389.076706,3434.422171,2954.654535
0.18,risk_ranked,1.225737,0.047785,1085.85,928.99,139.3485,7263.99186,3263.635,4000.35686
0.18,value_ranked,2.776588,0.032352,1085.85,661.85,99.2775,15856.47798,4198.625,11657.85298
0.2,random,0.344499,0.106165,1206.5,576.55,86.4825,7019.730675,5221.075,1798.655675
0.2,recency_rule,0.989251,0.059045,1206.5,941.1,141.165,7847.894925,3945.15,3902.744925
0.2,rfm_cell_rate,0.847375,0.063793,1206.5,962.368363,144.355254,7150.654008,3870.710729,3279.943279
0.2,risk_ranked,1.189933,0.049258,1206.5,1021.45,153.2175,8023.7508,3663.925,4359.8258
0.2,value_ranked,2.579195,0.034403,1206.5,727.25,109.0875,16799.3988,4693.625,12105.7738
0.22,random,0.344499,0.106165,1327.15,634.205,95.13075,7721.703742,5743.1825,1978.521242
0.22,recency_rule,0.994859,0.05932,1327.15,1021.47,153.2205,8752.95387,4387.755,4365.19887
0.22,rfm_cell_rate,0.785729,0.067031,1327.15,1046.74255,157.011383,7677.38477,4299.301074,3378.083696
0.22,risk_ranked,1.162101,0.050742,1327.15,1106.67,166.0005,8842.02921,4089.555,4752.47421
0.22,value_ranked,2.427761,0.036144,1327.15,792.99,118.9485,17781.286755,5187.435,12593.851755
0.24,random,0.344499,0.106165,1447.8,691.86,103.779,8423.67681,6265.29,2158.38681
0.24,recency_rule,0.998964,0.059544,1447.8,1102.3,165.345,9652.49832,4828.75,4823.74832
0.24,rfm_cell_rate,0.728835,0.07017,1447.8,1131.959618,169.793943,8168.645046,4724.941337,3443.703709
0.24,risk_ranked,1.128215,0.052371,1447.8,1190.05,178.5075,9622.99053,4521.625,5101.36553
0.24,value_ranked,2.268906,0.038182,1447.8,855.05,128.2575,18613.56216,5694.125,12919.43716
0.26,random,0.344499,0.106165,1568.45,749.515,112.42725,9125.649878,6787.3975,2338.252378
0.26,recency_rule,1.013254,0.059246,1568.45,1186.59,177.9885,10584.95544,5257.635,5327.32044
0.26,rfm_cell_rate,0.673303,0.073548,1568.45,1213.014362,181.952154,8642.858864,5165.149734,3477.70913
0.26,risk_ranked,1.120007,0.052934,1568.45,1279.68,191.952,10455.495255,4931.82,5523.675255
0.26,value_ranked,2.13468,0.040057,1568.45,918.15,137.7225,19426.162125,6197.175,13228.987125
0.28,random,0.344499,0.106165,1689.1,807.17,121.0755,9827.622945,7309.505,2518.117945
0.28,recency_rule,1.004446,0.059922,1689.1,1263.58,189.537,11449.538445,5712.07,5737.468445
0.28,rfm_cell_rate,0.621214,0.076977,1689.1,1291.686971,193.753046,9101.001825,5613.695602,3487.306223
0.28,risk_ranked,1.086021,0.054573,1689.1,1358.78,203.817,11220.43419,5378.87,5841.56419
0.28,value_ranked,2.019023,0.041825,1689.1,980.33,147.0495,20237.853435,6703.445,13534.408435
0.3,random,0.344499,0.106165,1809.75,864.825,129.72375,10529.596012,7831.6125,2697.983512
0.3,recency_rule,1.000745,0.060392,1809.75,1339.3,200.895,12346.497375,6170.95,6175.547375
0.3,rfm_cell_rate,0.597039,0.07881,1809.75,1370.318275,205.547741,9681.865134,6062.386039,3619.479095
0.3,risk_ranked,1.039794,0.056658,1809.75,1435.05,215.2575,11903.87985,5835.825,6068.05485
0.3,value_ranked,1.918126,0.043478,1809.75,1043.15,156.4725,21032.3166,7207.475,13824.8416
0.32,random,0.344499,0.106165,1930.4,922.48,138.372,11231.56908,8353.72,2877.84908
0.32,recency_rule,0.989705,0.061236,1930.4,1407.6,211.14,13243.08096,6655.8,6587.28096
0.32,rfm_cell_rate,0.618377,0.077756,1930.4,1450.495596,217.574339,10528.620383,6505.665415,4022.954967
0.32,risk_ranked,1.026223,0.057505,1930.4,1515.27,227.2905,12722.56587,6278.955,6443.61087
0.32,value_ranked,1.819297,0.04519,1930.4,1107.51,166.1265,21725.82867,7706.115,14019.71367
0.34,random,0.344499,0.106165,2051.05,980.135,147.02025,11933.542148,8875.8275,3057.714648
0.34,recency_rule,0.974911,0.062157,2051.05,1476.27,221.4405,14099.589585,7139.355,6960.234585
0.34,rfm_cell_rate,0.634373,0.077087,2051.05,1527.772911,229.165937,11373.755227,6959.09481,4414.660417
0.34,risk_ranked,1.008529,0.058515,2051.05,1592.8,238.92,13520.41512,6731.5,6788.91512
0.34,value_ranked,1.739312,0.046635,2051.05,1175.66,176.349,22439.048955,8191.49,14247.558955
0.36,random,0.344499,0.106165,2171.7,1037.79,155.6685,12635.515215,9397.935,3237.580215
0.36,recency_rule,0.967001,0.062739,2171.7,1547.11,232.0665,14979.33027,7615.315,7364.01527
0.36,rfm_cell_rate,0.649099,0.07655,2171.7,1601.431859,240.214779,12244.873881,7425.188495,4819.685386
0.36,risk_ranked,0.985407,0.059731,2171.7,1668.21,250.2315,14277.98604,7191.465,7086.52104
0.36,value_ranked,1.661532,0.048209,2171.7,1236.33,185.4495,23163.432045,8703.045,14460.387045
0.38,random,0.344499,0.106165,2292.35,1095.445,164.31675,13337.488282,9920.0425,3417.445783
0.38,recency_rule,0.947844,0.063839,2292.35,1610.88,241.632,15808.7403,8116.02,7692.7203
0.38,rfm_cell_rate,0.695519,0.074269,2292.35,1673.580703,251.037105,13388.783494,7896.56754,5492.215954
0.38,risk_ranked,0.964211,0.060853,2292.35,1743.59,261.5385,15029.22879,7651.535,7377.69379
0.38,value_ranked,1.574916,0.050088,2292.35,1294.2,194.13,23752.050675,9224.4,14527.650675
0.4,random,0.344499,0.106165,2413.0,1153.1,172.965,14039.46135,10442.15,3597.31135
0.4,recency_rule,0.920975,0.065229,2413.0,1674.0,251.1,16556.881425,8619.0,7937.881425
0.4,rfm_cell_rate,0.667742,0.076107,2413.0,1743.514475,261.527171,13968.505528,8375.699338,5592.806189
0.4,risk_ranked,0.93718,0.062263,2413.0,1814.6,272.19,15743.265375,8126.9,7616.365375
0.4,value_ranked,1.496398,0.051869,2413.0,1356.25,203.4375,24292.76175,9731.125,14561.63675
0.42,random,0.344499,0.106165,2533.65,1210.755,181.61325,14741.434417,10964.2575,3777.176917
0.42,recency_rule,0.911025,0.065958,2533.65,1734.76,260.214,17448.121095,9130.24,8317.881095
0.42,rfm_cell_rate,0.623155,0.078983,2533.65,1812.606823,271.891023,14377.546073,8857.776121,5519.769952
0.42,risk_ranked,0.924822,0.063044,2533.65,1887.84,283.176,16542.808275,8594.46,7948.348275
0.42,value_ranked,1.427174,0.053551,2533.65,1417.33,212.5995,24857.280735,10241.245,14616.035735
0.44,random,0.344499,0.106165,2654.3,1268.41,190.2615,15443.407485,11486.365,3957.042485
0.44,recency_rule,0.892107,0.067041,2654.3,1794.46,269.169,18249.73539,9645.19,8604.54539
0.44,rfm_cell_rate,0.583171,0.081711,2654.3,1881.69917,282.254876,14786.586618,9339.852904,5446.733714
0.44,risk_ranked,0.901877,0.064309,2654.3,1956.11,293.4165,17267.932875,9079.415,8188.517875
0.44,value_ranked,1.363745,0.05519,2654.3,1477.84,221.676,25418.200845,10753.36,14664.840845
0.46,random,0.344499,0.106165,2774.95,1326.065,198.90975,16145.380552,12008.4725,4136.908052
0.46,recency_rule,0.883935,0.067589,2774.95,1859.53,278.9295,19105.635645,10141.345,8964.290645
0.46,rfm_cell_rate,0.579599,0.082219,2774.95,1946.984191,292.047629,15535.763536,9835.255331,5700.508205
0.46,risk_ranked,0.892406,0.064997,2774.95,2024.91,303.7365,18096.15861,9562.515,8533.64361
0.46,value_ranked,1.305295,0.056797,2774.95,1536.96,230.544,25981.45668,11270.34,14711.11668
0.48,random,0.344499,0.106165,2895.6,1383.72,207.558,16847.35362,12530.58,4316.77362
0.48,recency_rule,0.866456,0.068629,2895.6,1915.2,287.28,19915.8345,10670.4,9245.4345
0.48,rfm_cell_rate,0.579468,0.082489,2895.6,2011.386333,301.70795,16321.819029,10333.747834,5988.071194
0.48,risk_ranked,0.866565,0.066443,2895.6,2087.12,313.068,18793.841475,10068.68,8725.161475
0.48,value_ranked,1.251983,0.058326,2895.6,1597.87,239.6805,26530.73757,11781.055,14749.68257
0.5,random,0.344499,0.106165,3016.25,1441.375,216.20625,17549.326687,13052.6875,4496.639187
0.5,recency_rule,0.849567,0.06965,3016.25,1969.0,295.35,20726.252625,11206.0,9520.252625
0.5,rfm_cell_rate,0.579269,0.082739,3016.25,2075.754577,311.363186,17107.207123,10832.358982,6274.848141
0.5,risk_ranked,0.84838,0.067532,3016.25,2151.0,322.65,19535.527125,10569.0,8966.527125
0.5,value_ranked,1.202839,0.059818,3016.25,1657.25,248.5875,27088.5855,12297.125,14791.4605
0.52,random,0.344499,0.106165,3136.9,1499.03,224.8545,18251.299755,13574.795,4676.504755
0.52,recency_rule,0.817669,0.071383,3136.9,2018.67,302.8005,21368.619375,11756.055,9612.564375
0.52,rfm_cell_rate,0.577027,0.083119,3136.9,2138.128048,320.719207,17880.25585,11337.95183,6542.30402
0.52,risk_ranked,0.828923,0.068715,3136.9,2211.06,331.659,20269.38612,11082.69,9186.69612
0.52,value_ranked,1.153646,0.061379,3136.9,1716.77,257.5155,27594.024615,12812.705,14781.319615
0.54,random,0.344499,0.106165,3257.55,1556.685,233.50275,18953.272822,14096.9025,4856.370322
0.54,recency_rule,0.799409,0.072479,3257.55,2070.75,310.6125,22128.54675,12297.675,9830.87175
0.54,rfm_cell_rate,0.586978,0.082762,3257.55,2194.755072,329.213261,18827.359014,11863.657248,6963.701767
0.54,risk_ranked,0.808958,0.069975,3257.55,2265.93,339.8895,21010.220925,11614.545,9395.675925
0.54,value_ranked,1.105021,0.06301,3257.55,1774.35,266.1525,28070.6148,13335.075,14735.5398
0.56,random,0.344499,0.106165,3378.2,1614.34,242.151,19655.24589,14619.01,5036.23589
0.56,recency_rule,0.770357,0.074145,3378.2,2117.41,317.6115,22763.720055,12858.265,9905.455055
0.56,rfm_cell_rate,0.619694,0.081044,3378.2,2246.818371,337.022756,20092.848684,12405.335702,7687.512982
0.56,risk_ranked,0.801431,0.070652,3378.2,2319.79,347.9685,21887.270715,12149.935,9737.335715
0.56,value_ranked,1.059899,0.064584,3378.2,1833.89,275.0835,28530.81279,13850.585,14680.22779
0.58,random,0.344499,0.106165,3498.85,1671.995,250.79925,20357.218957,15141.1175,5216.101458
0.58,recency_rule,0.751214,0.075339,3498.85,2164.35,324.6525,23497.5744,13417.875,10079.6994
0.58,rfm_cell_rate,0.620295,0.081326,3498.85,2293.965399,344.09481,21005.868914,12964.221102,8041.647812
0.58,risk_ranked,0.785483,0.07174,3498.85,2370.0,355.5,22672.2375,12698.1,9974.1375
0.58,value_ranked,1.024759,0.065847,3498.85,1896.4,284.46,29066.826825,14355.7,14711.126825
0.6,random,0.344499,0.106165,3619.5,1729.65,259.4475,21059.192025,15663.225,5395.967025
0.6,recency_rule,0.729996,0.076669,3619.5,2208.15,331.2225,24200.007525,13988.475,10211.532525
0.6,rfm_cell_rate,0.603666,0.082642,3619.5,2339.359135,350.90387,21696.390163,13529.243026,8167.147137
0.6,risk_ranked,0.769005,0.072837,3619.5,2420.4,363.06,23431.534275,13245.6,10185.934275
0.6,value_ranked,0.981668,0.067505,3619.5,1952.05,292.8075,29496.7866,14884.825,14611.9616
