segment,level,customer_runs,share_of_base,churn_rate,mean_predicted,relative_risk
lifetime_orders,1,6842,0.283547,0.713388,0.720178,1.49285
lifetime_orders,2-3,6083,0.252093,0.550551,0.547047,1.152093
lifetime_orders,4-7,5364,0.222296,0.370433,0.395763,0.775174
lifetime_orders,8+,5841,0.242064,0.224961,0.245207,0.470759
days_since_last_order,0-29,9820,0.406962,0.282892,0.290461,0.591986
days_since_last_order,30-59,4835,0.200373,0.448811,0.466707,0.93919
days_since_last_order,60-89,3229,0.133817,0.574172,0.595818,1.201523
days_since_last_order,90-180,6246,0.258848,0.757125,0.764893,1.584374
browse_sessions_90d,0,8452,0.350269,0.693682,0.704933,1.451613
browse_sessions_90d,1-2,8945,0.3707,0.492789,0.504643,1.031221
browse_sessions_90d,3+,6733,0.27903,0.187138,0.198744,0.391609
plus_membership,active member,4087,0.169374,0.203572,0.235046,0.425999
plus_membership,cancelled in last 180d,1023,0.042395,0.508309,0.532629,1.063697
plus_membership,non-member,19020,0.78823,0.535174,0.541785,1.119915
low_csat_contact_180d,no,23453,0.971944,0.479811,0.493198,1.004061
low_csat_contact_180d,yes,677,0.028056,0.410635,0.359366,0.859303
first_order_discounted,no,14577,0.604103,0.474172,0.488688,0.992261
first_order_discounted,yes,9553,0.395897,0.483513,0.490596,1.011809
acquisition_channel,affiliate,1637,0.067841,0.499084,0.496968,1.044392
acquisition_channel,display,786,0.032574,0.547074,0.566222,1.144817
acquisition_channel,email,3785,0.156859,0.449406,0.470847,0.940435
acquisition_channel,organic_search,5079,0.210485,0.46269,0.476347,0.968233
acquisition_channel,paid_search,6221,0.257812,0.47854,0.485184,1.001403
acquisition_channel,paid_social,3442,0.142644,0.561592,0.566901,1.175199
acquisition_channel,referral,3180,0.131786,0.416038,0.434138,0.870609
