week,data_through,units,control,treatment,diff,ci_low,ci_high,p_value,nominally_significant
1,2025-03-09,797,0.125641,0.179361,0.05372,0.004008,0.103433,0.034177,True
2,2025-03-16,1408,0.143895,0.193056,0.04916,0.010186,0.088135,0.013429,True
3,2025-03-23,2002,0.172589,0.202557,0.029968,-0.004194,0.06413,0.085556,False
4,2025-03-30,2483,0.183007,0.211279,0.028272,-0.002996,0.05954,0.076366,False
5,2025-04-06,2940,0.196552,0.219463,0.022911,-0.006415,0.052237,0.125706,False
6,2025-04-13,3350,0.209891,0.231678,0.021787,-0.006291,0.049865,0.128301,False
7,2025-04-20,3772,0.22073,0.235079,0.014348,-0.01242,0.041116,0.293452,False
8,2025-04-27,4172,0.231289,0.246073,0.014784,-0.011081,0.040649,0.26259,False
9,2025-05-04,4560,0.230092,0.252733,0.02264,-0.002191,0.047472,0.073937,False
10,2025-05-11,4983,0.234085,0.259096,0.025011,0.001087,0.048935,0.040459,True
11,2025-05-18,5382,0.235643,0.26612,0.030477,0.007326,0.053628,0.009875,True
12,2025-05-25,5774,0.242382,0.27131,0.028927,0.006402,0.051453,0.011837,True
