absolute_lift,power_planned,power_realized
0.0,0.05,0.05
0.0025,0.055624,0.055627
0.005,0.072639,0.072642
0.0075,0.10146,0.101447
0.01,0.142516,0.142458
0.0125,0.195856,0.195712
0.015,0.260777,0.260497
0.0175,0.335582,0.335118
0.02,0.417551,0.416864
0.0225,0.503143,0.50222
0.025,0.588408,0.587264
0.0275,0.669493,0.668175
0.03,0.743139,0.741722
0.0325,0.807051,0.805618
0.035,0.860062,0.858699
0.0375,0.902102,0.900876
0.04,0.933987,0.932944
0.0425,0.957123,0.956282
0.045,0.973187,0.972543
0.0475,0.983863,0.983394
0.05,0.990657,0.990332
0.0525,0.994797,0.994583
0.055,0.997214,0.997079
0.0575,0.998565,0.998485
0.06,0.99929,0.999244
