capacity_share,policy,contacts_per_run,conversions_reached_per_run,conversions_reached_total,precision,share_of_conversions_captured,lift_vs_random,contacts_per_conversion
0.1,random,397.5,22.3,133.8,0.056101,0.1,1.0,17.825112
0.1,channel_rate,397.5,36.982648,221.895888,0.093038,0.165841,1.658415,10.748284
0.1,recent_activity,397.5,66.583333,399.5,0.167505,0.29858,2.9858,5.969962
0.1,logistic_regression,397.5,86.083333,516.5,0.216562,0.386024,3.860239,4.617619
0.2,random,795.0,44.6,267.6,0.056101,0.2,1.0,17.825112
0.2,channel_rate,795.0,69.424014,416.544083,0.087326,0.311318,1.556592,11.451369
0.2,recent_activity,795.0,111.266667,667.6,0.139958,0.498954,2.494768,7.144997
0.2,logistic_regression,795.0,134.333333,806.0,0.168973,0.602392,3.011958,5.918114
0.3,random,1192.5,66.9,401.4,0.056101,0.3,1.0,17.825112
0.3,channel_rate,1192.5,93.828376,562.970253,0.078682,0.420755,1.402517,12.709375
0.3,recent_activity,1192.5,145.583333,873.5,0.122082,0.65284,2.176134,8.191185
0.3,logistic_regression,1192.5,166.1,996.6,0.139287,0.744843,2.48281,7.17941
