model,n,mae,rmse,wape,smape,bias,skill_vs_naive,bucket
naive_4wk,429,10019.3942,14644.6469,0.1334,0.1367,-0.1182,0.0,all weeks
naive_4wk,132,5280.2816,6865.9384,0.0757,0.0781,-0.0503,0.0,weeks 1-4
naive_4wk,132,8180.7077,10190.8928,0.112,0.1191,-0.0936,0.0,weeks 5-8
naive_4wk,165,15281.6334,20900.1064,0.1887,0.1975,-0.1826,0.0,weeks 9-13
seasonal_naive_yoy,429,16118.5735,19344.3682,0.2147,0.1903,0.2107,-0.6087,all weeks
seasonal_naive_yoy,132,8175.2405,9923.4798,0.1173,0.1119,0.1043,-0.5483,weeks 1-4
seasonal_naive_yoy,132,14833.7692,17367.4172,0.2031,0.1847,0.2022,-0.8133,weeks 5-8
seasonal_naive_yoy,165,23501.0834,25550.9258,0.2901,0.2575,0.2901,-0.5379,weeks 9-13
harmonic_no_promo,429,7790.6068,10210.2056,0.1038,0.1047,0.0282,0.2224,all weeks
harmonic_no_promo,132,5948.6265,7837.2637,0.0853,0.0861,0.0486,-0.1266,weeks 1-4
harmonic_no_promo,132,8068.663,10899.7809,0.1105,0.1113,0.0496,0.0137,weeks 5-8
harmonic_no_promo,165,9041.7461,11263.3581,0.1116,0.1144,-0.0013,0.4083,weeks 9-13
harmonic,429,7500.8194,9919.7298,0.0999,0.1013,0.0278,0.2514,all weeks
harmonic,132,5689.7078,7609.6908,0.0816,0.0827,0.0482,-0.0775,weeks 1-4
harmonic,132,7846.6527,10647.7215,0.1074,0.1087,0.0483,0.0408,weeks 5-8
harmonic,165,8673.0419,10900.349,0.1071,0.1104,-0.0011,0.4325,weeks 9-13
