model,horizon_week,n,mae,rmse,wape,smape,bias,skill_vs_naive
naive_4wk,1,33,4131.463,5262.5567,0.0603,0.0613,-0.0336,0.0
naive_4wk,2,33,5151.3231,6429.179,0.0742,0.076,-0.0459,0.0
naive_4wk,3,33,5613.3813,7261.457,0.0801,0.083,-0.0552,0.0
naive_4wk,4,33,6224.9592,8173.5449,0.0878,0.0921,-0.066,0.0
naive_4wk,5,33,7175.6022,9034.6148,0.1001,0.106,-0.0767,0.0
naive_4wk,6,33,7581.7495,9437.219,0.1048,0.1112,-0.0849,0.0
naive_4wk,7,33,8405.5943,10372.9764,0.1145,0.1224,-0.0981,0.0
naive_4wk,8,33,9559.8849,11710.3877,0.1279,0.1369,-0.1139,0.0
naive_4wk,9,33,11256.7558,14521.7181,0.1469,0.1555,-0.1359,0.0
naive_4wk,10,33,13428.5701,18015.68,0.1701,0.1785,-0.1614,0.0
naive_4wk,11,33,15889.3398,22290.571,0.1946,0.2022,-0.1892,0.0
naive_4wk,12,33,17435.0386,23670.1351,0.2092,0.2198,-0.2055,0.0
naive_4wk,13,33,18398.4627,24320.4105,0.2179,0.2316,-0.2158,0.0
seasonal_naive_yoy,1,33,5594.9517,7258.8009,0.0817,0.0804,0.065,-0.3542
seasonal_naive_yoy,2,33,7535.7166,9021.7063,0.1086,0.105,0.0922,-0.4629
seasonal_naive_yoy,3,33,9144.2297,10660.6175,0.1305,0.1238,0.118,-0.629
seasonal_naive_yoy,4,33,10426.0641,12090.1474,0.1471,0.1385,0.1405,-0.6749
seasonal_naive_yoy,5,33,12190.6235,14317.9763,0.17,0.1577,0.167,-0.6989
seasonal_naive_yoy,6,33,13786.7158,16283.578,0.1905,0.1752,0.19,-0.8184
seasonal_naive_yoy,7,33,15894.5783,18557.3027,0.2165,0.1957,0.2165,-0.891
seasonal_naive_yoy,8,33,17463.1593,19798.3809,0.2337,0.2102,0.2337,-0.8267
seasonal_naive_yoy,9,33,19602.588,21863.1519,0.2558,0.2283,0.2558,-0.7414
seasonal_naive_yoy,10,33,21696.8479,23721.1024,0.2748,0.2438,0.2748,-0.6157
seasonal_naive_yoy,11,33,23439.571,25191.9511,0.287,0.2571,0.287,-0.4752
seasonal_naive_yoy,12,33,25458.9797,27083.1561,0.3055,0.2721,0.3055,-0.4602
seasonal_naive_yoy,13,33,27307.4303,29247.7211,0.3234,0.2865,0.3234,-0.4842
harmonic_no_promo,1,33,4548.2514,5516.4877,0.0664,0.0673,0.0331,-0.1009
harmonic_no_promo,2,33,5699.6916,7090.9603,0.0821,0.0833,0.0455,-0.1065
harmonic_no_promo,3,33,6432.389,8451.7755,0.0918,0.0928,0.0561,-0.1459
harmonic_no_promo,4,33,7114.1738,9671.8636,0.1004,0.101,0.0592,-0.1428
harmonic_no_promo,5,33,7701.9165,10347.553,0.1074,0.1077,0.0574,-0.0733
harmonic_no_promo,6,33,8221.1107,11106.1999,0.1136,0.114,0.0555,-0.0843
harmonic_no_promo,7,33,8333.6192,11146.4407,0.1135,0.1144,0.0475,0.0086
harmonic_no_promo,8,33,8018.0057,10979.9008,0.1073,0.1092,0.0386,0.1613
harmonic_no_promo,9,33,7945.1029,10820.1948,0.1037,0.1068,0.0256,0.2942
harmonic_no_promo,10,33,8260.2608,10494.3718,0.1046,0.1086,0.0107,0.3849
harmonic_no_promo,11,33,9178.1284,11238.6231,0.1124,0.1149,-0.0073,0.4224
harmonic_no_promo,12,33,9525.967,11410.9743,0.1143,0.1174,-0.0142,0.4536
harmonic_no_promo,13,33,10299.2715,12271.5421,0.122,0.1242,-0.0184,0.4402
harmonic,1,33,4164.1058,5143.3336,0.0608,0.0623,0.032,-0.0079
harmonic,2,33,5280.458,6772.385,0.0761,0.0778,0.045,-0.0251
harmonic,3,33,6183.6418,8211.1454,0.0882,0.0894,0.0558,-0.1016
harmonic,4,33,7130.6256,9585.8015,0.1006,0.1012,0.0596,-0.1455
harmonic,5,33,7735.665,10222.2671,0.1079,0.108,0.0573,-0.0781
harmonic,6,33,7921.4334,10716.7778,0.1095,0.1104,0.0536,-0.0448
harmonic,7,33,8030.2895,10868.5347,0.1094,0.1108,0.0461,0.0446
harmonic,8,33,7699.2228,10771.5727,0.103,0.1055,0.0368,0.1946
harmonic,9,33,7570.721,10609.9384,0.0988,0.1029,0.025,0.3275
harmonic,10,33,8029.5101,10336.7748,0.1017,0.1059,0.0096,0.4021
harmonic,11,33,8825.9122,10697.6845,0.1081,0.1113,-0.0062,0.4445
harmonic,12,33,9156.6548,10949.4828,0.1099,0.1132,-0.013,0.4748
harmonic,13,33,9782.4115,11846.3795,0.1159,0.1185,-0.0182,0.4683
