level,n,coverage,below,above,mean_relative_width,group
0.5,429,0.4312,0.1119,0.4569,0.229,all lead weeks
0.8,429,0.6807,0.042,0.2774,0.4638,all lead weeks
0.5,132,0.5303,0.053,0.4167,0.175,weeks 1-4
0.8,132,0.8258,0.0,0.1742,0.34,weeks 1-4
0.5,132,0.4167,0.1212,0.4621,0.2522,weeks 5-8
0.8,132,0.7273,0.0152,0.2576,0.5,weeks 5-8
0.5,165,0.3636,0.1515,0.4848,0.2537,weeks 9-13
0.8,165,0.5273,0.097,0.3758,0.5337,weeks 9-13
0.5,36,0.2778,0.0,0.7222,0.2021,Nov-Dec peak weeks
0.8,36,0.5278,0.0,0.4722,0.3679,Nov-Dec peak weeks
0.5,393,0.4453,0.1221,0.4326,0.2315,other weeks
0.8,393,0.6947,0.0458,0.2595,0.4725,other weeks
0.5,33,0.5455,0.0909,0.3636,0.1004,week 1
0.8,33,0.8182,0.0,0.1818,0.2586,week 1
0.5,33,0.5758,0.0303,0.3939,0.1663,week 2
0.8,33,0.8485,0.0,0.1515,0.3264,week 2
0.5,33,0.5758,0.0303,0.3939,0.1978,week 3
0.8,33,0.8182,0.0,0.1818,0.3621,week 3
0.5,33,0.4242,0.0606,0.5152,0.2357,week 4
0.8,33,0.8182,0.0,0.1818,0.413,week 4
0.5,33,0.4242,0.0909,0.4848,0.2349,week 5
0.8,33,0.7879,0.0,0.2121,0.4712,week 5
0.5,33,0.4848,0.1212,0.3939,0.2691,week 6
0.8,33,0.7879,0.0,0.2121,0.4899,week 6
0.5,33,0.3636,0.1515,0.4848,0.2603,week 7
0.8,33,0.697,0.0,0.303,0.5197,week 7
0.5,33,0.3939,0.1212,0.4848,0.2444,week 8
0.8,33,0.6364,0.0606,0.303,0.5194,week 8
0.5,33,0.4242,0.1212,0.4545,0.2505,week 9
0.8,33,0.6364,0.0606,0.303,0.5422,week 9
0.5,33,0.3939,0.1212,0.4848,0.2473,week 10
0.8,33,0.6061,0.0606,0.3333,0.5463,week 10
0.5,33,0.3333,0.1515,0.5152,0.2596,week 11
0.8,33,0.5152,0.0909,0.3939,0.5427,week 11
0.5,33,0.3636,0.1515,0.4848,0.2623,week 12
0.8,33,0.4242,0.1212,0.4545,0.5208,week 12
0.5,33,0.303,0.2121,0.4848,0.249,week 13
0.8,33,0.4545,0.1515,0.3939,0.5167,week 13
0.5,33,0.4242,0.1818,0.3939,0.2901,13-week total
0.8,33,0.5455,0.1515,0.303,0.4373,13-week total
