month,new_leads,new_customers,orders,ordering_customers,net_revenue,membership_revenue,marketing_cost
2024-01,1242,245,302,245,26510.91,257.92,13632.43
2024-02,1166,342,518,406,42507.33,565.79,12595.45
2024-03,1361,392,810,562,65510.09,1191.52,15523.45
2024-04,1336,434,920,665,81107.4,1738.24,14100.14
2024-05,1390,423,1071,773,91209.21,2442.98,15021.78
2024-06,1523,458,1321,918,110410.3,3434.7,16712.6
2024-07,1669,533,1855,1195,152061.99,4211.19,17872.8
2024-08,1483,494,1776,1226,149107.23,4837.83,16133.86
2024-09,1416,446,1751,1253,148338.62,4228.46,15527.6
2024-10,1502,485,2057,1405,179040.24,4668.02,16870.92
2024-11,1864,520,2676,1664,223980.24,5670.64,20727.07
2024-12,2173,662,3546,2057,287941.6,8447.82,24751.57
2025-01,1440,525,2532,1713,210002.79,7262.67,15658.3
2025-02,1438,502,2371,1669,198692.03,7042.89,16062.4
2025-03,1725,542,3203,2035,259278.27,8850.15,19536.97
2025-04,1582,538,2946,1973,252998.8,8535.93,17415.64
2025-05,1718,534,3240,2125,275121.99,9017.27,18830.13
2025-06,1752,568,3483,2274,300140.12,10602.93,19424.55
2025-07,2018,613,4359,2625,359390.38,12430.17,22201.17
2025-08,1768,551,3884,2498,336318.09,11176.91,19319.81
2025-09,1710,549,3811,2516,331426.16,11426.66,18810.04
2025-10,1819,552,4124,2687,355326.84,12006.99,19558.46
2025-11,2232,645,5169,3098,429800.53,14765.99,24773.86
2025-12,2673,806,6490,3627,536154.76,15438.05,29971.79
