feature,kind,psi,reference_mean,current_mean,outside_reference_range,most_shifted_level,max_run_psi,max_run,status,model
acquisition_channel,categorical,0.0091,0.2297,0.2608,0.0,paid_social,0.0228,2025-12-01,ok,acquisition_lead_score
age_band,categorical,0.0014,0.2409,0.2527,0.0,25-34,0.0033,2025-10-01,ok,acquisition_lead_score
email_open_rate,numeric,0.0012,0.1699,0.1697,0.0,,0.0058,2025-12-01,ok,acquisition_lead_score
pages_viewed,numeric,0.0011,12.2477,12.1893,0.0,,0.0049,2025-12-01,ok,acquisition_lead_score
lead_age_days,numeric,0.0008,42.6373,42.3219,0.0,,0.0192,2025-12-01,ok,acquisition_lead_score
app_session_share,numeric,0.0008,0.2956,0.2973,0.0,,0.0024,2025-12-01,ok,acquisition_lead_score
mobile_session_share,numeric,0.0008,0.5545,0.546,0.0,,0.0025,2025-11-01,ok,acquisition_lead_score
emails_received,numeric,0.0006,3.0819,3.0106,0.0,,0.0077,2025-12-01,ok,acquisition_lead_score
device_type,categorical,0.0005,0.5934,0.5822,0.0,mobile,0.0023,2025-11-01,ok,acquisition_lead_score
email_opt_in,numeric,0.0005,0.5661,0.5555,0.0,,0.0007,2025-08-01,ok,acquisition_lead_score
emails_opened,numeric,0.0004,0.9281,0.9205,0.0,,0.0023,2025-12-01,ok,acquisition_lead_score
sessions_30d,numeric,0.0004,0.9675,0.9772,0.0,,0.0083,2025-12-01,ok,acquisition_lead_score
max_stage_reached,numeric,0.0002,2.2599,2.2584,0.0,,0.0017,2025-12-01,ok,acquisition_lead_score
region,categorical,0.0002,0.2162,0.2117,0.0,west,0.0013,2025-10-01,ok,acquisition_lead_score
sessions_total,numeric,0.0001,2.3235,2.3143,0.0,,0.0021,2025-12-01,ok,acquisition_lead_score
days_since_last_session,numeric,0.0001,30.5277,30.3983,0.0,,0.0145,2025-12-01,ok,acquisition_lead_score
emails_clicked,numeric,0.0001,0.2064,0.2101,0.0,,0.0009,2025-11-01,ok,acquisition_lead_score
cart_sessions,numeric,0.0001,0.3841,0.3868,0.0,,0.0007,2025-12-01,ok,acquisition_lead_score
retarget_clicks,numeric,0.0001,0.0777,0.0749,0.0,,0.0012,2025-07-01,ok,acquisition_lead_score
income_band,categorical,0.0,0.3123,0.3095,0.0,low,0.0007,2025-12-01,ok,acquisition_lead_score
sessions_7d,numeric,0.0,0.2494,0.2529,0.0,,0.0105,2025-12-01,ok,acquisition_lead_score
checkout_sessions,numeric,0.0,0.1139,0.1125,0.0,,0.0019,2025-07-01,ok,acquisition_lead_score
cart_sessions_7d,numeric,0.0,0.0487,0.0496,0.0,,0.003,2025-12-01,ok,acquisition_lead_score
tenure_days,numeric,0.4229,126.3997,219.0245,0.1213,,0.5434,2025-12-01,investigate,churn_risk
orders_total,numeric,0.2059,3.449,6.0646,0.0005,,0.2799,2025-12-01,watch,churn_risk
category_count,numeric,0.1228,2.3246,2.7795,0.0,,0.1714,2025-12-01,watch,churn_risk
store_order_share,numeric,0.1073,0.0991,0.1306,0.0,,0.1461,2025-12-01,watch,churn_risk
discount_share,numeric,0.0844,0.0369,0.0331,0.0,,0.1065,2025-12-01,ok,churn_risk
orders_prev_90d,numeric,0.0533,1.1765,1.5446,0.0001,,0.0854,2025-11-01,ok,churn_risk
app_order_share,numeric,0.037,0.2447,0.2386,0.0,,0.0523,2025-12-01,ok,churn_risk
net_revenue_180d,numeric,0.0365,232.8698,284.92,0.0001,,0.0606,2025-12-01,ok,churn_risk
avg_order_value,numeric,0.0268,83.2054,83.5078,0.0,,0.0365,2025-12-01,ok,churn_risk
emails_received_90d,numeric,0.0253,4.0043,4.1292,0.0,,0.8889,2025-11-01,ok,churn_risk
browse_sessions_90d,numeric,0.0249,1.595,1.9087,0.0001,,0.0302,2025-12-01,ok,churn_risk
plus_member,numeric,0.0216,0.1252,0.1777,0.0,,0.0277,2025-12-01,ok,churn_risk
orders_90d,numeric,0.0167,1.6035,1.8143,0.0,,0.0266,2025-12-01,ok,churn_risk
support_contacts_180d,numeric,0.0116,0.2818,0.3512,0.0002,,0.0169,2025-12-01,ok,churn_risk
plus_cancelled_180d,numeric,0.0066,0.0292,0.0443,0.0,,0.0111,2025-12-01,ok,churn_risk
browse_sessions_30d,numeric,0.0057,0.6019,0.6717,0.0,,0.0085,2025-12-01,ok,churn_risk
days_since_last_order,numeric,0.0052,58.3354,57.5668,0.0001,,0.044,2025-12-01,ok,churn_risk
open_contacts,numeric,0.0052,0.0144,0.0247,0.0,,0.0064,2025-10-01,ok,churn_risk
slow_resolution_contacts_180d,numeric,0.0047,0.0758,0.0963,0.0,,0.0068,2025-11-01,ok,churn_risk
days_since_last_session,numeric,0.0037,42.0033,41.0513,0.0002,,0.0293,2025-12-01,ok,churn_risk
email_open_rate_90d,numeric,0.0037,0.1436,0.1457,0.0,,0.1305,2025-11-01,ok,churn_risk
acquisition_channel,categorical,0.0035,0.0416,0.0321,0.0,display,0.0053,2025-12-01,ok,churn_risk
email_clicks_90d,numeric,0.0023,0.1592,0.1785,0.0,,0.0113,2025-08-01,ok,churn_risk
low_csat_contacts_180d,numeric,0.0022,0.0213,0.029,0.0,,0.003,2025-11-01,ok,churn_risk
age_band,categorical,0.0016,0.1812,0.1684,0.0,45-54,0.0022,2025-10-01,ok,churn_risk
region,categorical,0.0009,0.2004,0.212,0.0,northeast,0.0012,2025-07-01,ok,churn_risk
income_band,categorical,0.0005,0.2622,0.2527,0.0,low,0.0009,2025-11-01,ok,churn_risk
first_order_discounted,numeric,0.0002,0.4009,0.394,0.0,,0.0007,2025-10-01,ok,churn_risk
device_type,categorical,0.0002,0.0856,0.0818,0.0,tablet,0.0004,2025-08-01,ok,churn_risk
email_opt_in,numeric,0.0001,0.7027,0.7061,0.0,,0.0001,2025-11-01,ok,churn_risk
