run,rows,observed_rate,mean_predicted,observed_to_predicted,calibration_z,roc_auc,roc_auc_ci_low,roc_auc_ci_high,average_precision,model
2025-07-01,3695,0.056,0.0596,0.9405,-0.9586,0.8205,0.785,0.8559,0.2403,acquisition_lead_score
2025-08-01,3972,0.0534,0.058,0.9204,-1.3042,0.7997,0.7635,0.836,0.1906,acquisition_lead_score
2025-09-01,4035,0.0538,0.0547,0.9831,-0.2709,0.8045,0.7689,0.8401,0.2068,acquisition_lead_score
2025-10-01,4010,0.0516,0.0556,0.9286,-1.1556,0.8233,0.7881,0.8585,0.205,acquisition_lead_score
2025-11-01,3848,0.0598,0.0575,1.0391,0.6302,0.7959,0.7608,0.831,0.2021,acquisition_lead_score
2025-12-01,4290,0.0618,0.0651,0.9482,-0.9452,0.8141,0.7824,0.8458,0.2107,acquisition_lead_score
2025-07-01,5676,0.4891,0.4972,0.9837,-1.4662,0.8129,0.8017,0.8242,0.793,churn_risk
2025-08-01,5960,0.4935,0.4875,1.0122,1.1051,0.8165,0.8056,0.8273,0.7989,churn_risk
2025-09-01,6158,0.4774,0.4893,0.9757,-2.2234,0.7999,0.7887,0.8111,0.7653,churn_risk
2025-10-01,6336,0.4536,0.4845,0.9363,-5.8428,0.8142,0.8034,0.825,0.7712,churn_risk
