months_since_acquisition,cohorts,first_cohort,last_cohort,customers,buyers,revenue,retention,revenue_per_customer,cumulative_revenue_per_customer
0,12,2024-01-01,2024-12-01,5434,5434.0,580961.18,1.0,106.9123,106.9123
1,12,2024-01-01,2024-12-01,5434,1651.0,221922.08,0.3038,40.8395,147.7518
2,12,2024-01-01,2024-12-01,5434,1400.0,195976.1,0.2576,36.0648,183.8166
3,12,2024-01-01,2024-12-01,5434,1305.0,179418.12,0.2402,33.0177,216.8343
4,12,2024-01-01,2024-12-01,5434,1362.0,179164.02,0.2506,32.9709,249.8052
5,12,2024-01-01,2024-12-01,5434,1318.0,181386.98,0.2425,33.38,283.1852
6,12,2024-01-01,2024-12-01,5434,1269.0,181060.67,0.2335,33.32,316.5052
7,12,2024-01-01,2024-12-01,5434,1240.0,171562.8,0.2282,31.5721,348.0773
8,12,2024-01-01,2024-12-01,5434,1192.0,172376.36,0.2194,31.7218,379.7991
9,12,2024-01-01,2024-12-01,5434,1175.0,166681.3,0.2162,30.6738,410.4729
10,12,2024-01-01,2024-12-01,5434,1071.0,144866.04,0.1971,26.6592,437.1321
11,12,2024-01-01,2024-12-01,5434,1073.0,154857.43,0.1975,28.4979,465.6299
12,12,2024-01-01,2024-12-01,5434,1085.0,160228.95,0.1997,29.4864,495.1163
