acquisition_channel,months_since_acquisition,cohorts,first_cohort,last_cohort,customers,buyers,revenue,retention,revenue_per_customer,cumulative_revenue_per_customer
affiliate,0,12,2024-01-01,2024-12-01,387,387.0,41033.98,1.0,106.031,106.031
affiliate,1,12,2024-01-01,2024-12-01,387,120.0,15932.66,0.3101,41.1697,147.2006
affiliate,2,12,2024-01-01,2024-12-01,387,105.0,14782.25,0.2713,38.197,185.3976
affiliate,3,12,2024-01-01,2024-12-01,387,83.0,13543.08,0.2145,34.995,220.3927
affiliate,4,12,2024-01-01,2024-12-01,387,100.0,11722.93,0.2584,30.2918,250.6845
affiliate,5,12,2024-01-01,2024-12-01,387,92.0,13006.06,0.2377,33.6074,284.2919
affiliate,6,12,2024-01-01,2024-12-01,387,91.0,13299.18,0.2351,34.3648,318.6567
affiliate,7,12,2024-01-01,2024-12-01,387,87.0,13087.25,0.2248,33.8172,352.4739
affiliate,8,12,2024-01-01,2024-12-01,387,75.0,11656.2,0.1938,30.1194,382.5933
affiliate,9,12,2024-01-01,2024-12-01,387,69.0,9921.54,0.1783,25.6371,408.2303
affiliate,10,12,2024-01-01,2024-12-01,387,66.0,9552.31,0.1705,24.683,432.9133
affiliate,11,12,2024-01-01,2024-12-01,387,67.0,10421.57,0.1731,26.9291,459.8424
affiliate,12,12,2024-01-01,2024-12-01,387,65.0,10162.98,0.168,26.2609,486.1033
display,0,12,2024-01-01,2024-12-01,247,247.0,25686.0,1.0,103.9919,103.9919
display,1,12,2024-01-01,2024-12-01,247,64.0,8947.46,0.2591,36.2245,140.2164
display,2,12,2024-01-01,2024-12-01,247,43.0,6097.61,0.1741,24.6867,164.9031
display,3,12,2024-01-01,2024-12-01,247,41.0,5064.72,0.166,20.5049,185.4081
display,4,12,2024-01-01,2024-12-01,247,45.0,5470.48,0.1822,22.1477,207.5557
display,5,12,2024-01-01,2024-12-01,247,43.0,5552.31,0.1741,22.479,230.0347
display,6,12,2024-01-01,2024-12-01,247,30.0,4728.29,0.1215,19.1429,249.1776
display,7,12,2024-01-01,2024-12-01,247,42.0,5140.54,0.17,20.8119,269.9895
display,8,12,2024-01-01,2024-12-01,247,33.0,4099.9,0.1336,16.5988,286.5883
display,9,12,2024-01-01,2024-12-01,247,39.0,5276.03,0.1579,21.3604,307.9487
display,10,12,2024-01-01,2024-12-01,247,33.0,3998.18,0.1336,16.187,324.1357
display,11,12,2024-01-01,2024-12-01,247,32.0,3291.73,0.1296,13.3268,337.4626
display,12,12,2024-01-01,2024-12-01,247,28.0,3547.53,0.1134,14.3625,351.825
email,0,12,2024-01-01,2024-12-01,863,863.0,89733.88,1.0,103.979,103.979
email,1,12,2024-01-01,2024-12-01,863,247.0,32709.78,0.2862,37.9024,141.8814
email,2,12,2024-01-01,2024-12-01,863,219.0,30538.94,0.2538,35.387,177.2684
email,3,12,2024-01-01,2024-12-01,863,217.0,31387.39,0.2514,36.3701,213.6385
email,4,12,2024-01-01,2024-12-01,863,227.0,30360.86,0.263,35.1806,248.8191
email,5,12,2024-01-01,2024-12-01,863,220.0,27293.4,0.2549,31.6262,280.4452
email,6,12,2024-01-01,2024-12-01,863,227.0,31908.71,0.263,36.9742,317.4194
email,7,12,2024-01-01,2024-12-01,863,212.0,26765.82,0.2457,31.0149,348.4343
email,8,12,2024-01-01,2024-12-01,863,211.0,30267.98,0.2445,35.073,383.5073
email,9,12,2024-01-01,2024-12-01,863,212.0,27968.76,0.2457,32.4088,415.916
email,10,12,2024-01-01,2024-12-01,863,192.0,27690.0,0.2225,32.0857,448.0018
email,11,12,2024-01-01,2024-12-01,863,186.0,28034.82,0.2155,32.4853,480.4871
email,12,12,2024-01-01,2024-12-01,863,190.0,26749.33,0.2202,30.9957,511.4828
organic_search,0,12,2024-01-01,2024-12-01,1100,1100.0,115743.99,1.0,105.2218,105.2218
organic_search,1,12,2024-01-01,2024-12-01,1100,336.0,43022.53,0.3055,39.1114,144.3332
organic_search,2,12,2024-01-01,2024-12-01,1100,292.0,38675.31,0.2655,35.1594,179.4926
organic_search,3,12,2024-01-01,2024-12-01,1100,282.0,38863.02,0.2564,35.33,214.8226
organic_search,4,12,2024-01-01,2024-12-01,1100,317.0,41887.93,0.2882,38.0799,252.9025
organic_search,5,12,2024-01-01,2024-12-01,1100,297.0,42259.9,0.27,38.4181,291.3206
organic_search,6,12,2024-01-01,2024-12-01,1100,266.0,39660.04,0.2418,36.0546,327.3752
organic_search,7,12,2024-01-01,2024-12-01,1100,278.0,38804.94,0.2527,35.2772,362.6524
organic_search,8,12,2024-01-01,2024-12-01,1100,244.0,33510.0,0.2218,30.4636,393.1161
organic_search,9,12,2024-01-01,2024-12-01,1100,256.0,37489.44,0.2327,34.0813,427.1974
organic_search,10,12,2024-01-01,2024-12-01,1100,225.0,28703.79,0.2045,26.0944,453.2917
organic_search,11,12,2024-01-01,2024-12-01,1100,237.0,31255.86,0.2155,28.4144,481.7061
organic_search,12,12,2024-01-01,2024-12-01,1100,233.0,33491.43,0.2118,30.4468,512.1529
paid_search,0,12,2024-01-01,2024-12-01,1418,1418.0,150330.14,1.0,106.0156,106.0156
paid_search,1,12,2024-01-01,2024-12-01,1418,463.0,62758.3,0.3265,44.2583,150.2739
paid_search,2,12,2024-01-01,2024-12-01,1418,386.0,55282.1,0.2722,38.986,189.2599
paid_search,3,12,2024-01-01,2024-12-01,1418,354.0,48082.52,0.2496,33.9087,223.1686
paid_search,4,12,2024-01-01,2024-12-01,1418,351.0,47417.96,0.2475,33.44,256.6086
paid_search,5,12,2024-01-01,2024-12-01,1418,364.0,48880.79,0.2567,34.4716,291.0803
paid_search,6,12,2024-01-01,2024-12-01,1418,347.0,50875.64,0.2447,35.8784,326.9587
paid_search,7,12,2024-01-01,2024-12-01,1418,325.0,48294.17,0.2292,34.0579,361.0167
paid_search,8,12,2024-01-01,2024-12-01,1418,321.0,48591.41,0.2264,34.2676,395.2842
paid_search,9,12,2024-01-01,2024-12-01,1418,300.0,42096.68,0.2116,29.6874,424.9716
paid_search,10,12,2024-01-01,2024-12-01,1418,288.0,39325.01,0.2031,27.7327,452.7043
paid_search,11,12,2024-01-01,2024-12-01,1418,279.0,39655.84,0.1968,27.966,480.6704
paid_search,12,12,2024-01-01,2024-12-01,1418,275.0,41141.85,0.1939,29.014,509.6844
paid_social,0,12,2024-01-01,2024-12-01,764,764.0,82303.21,1.0,107.7267,107.7267
paid_social,1,12,2024-01-01,2024-12-01,764,202.0,26032.57,0.2644,34.074,141.8008
paid_social,2,12,2024-01-01,2024-12-01,764,154.0,20156.31,0.2016,26.3826,168.1834
paid_social,3,12,2024-01-01,2024-12-01,764,148.0,19740.87,0.1937,25.8388,194.0222
paid_social,4,12,2024-01-01,2024-12-01,764,144.0,17329.24,0.1885,22.6823,216.7045
paid_social,5,12,2024-01-01,2024-12-01,764,132.0,16958.23,0.1728,22.1966,238.9011
paid_social,6,12,2024-01-01,2024-12-01,764,125.0,15394.88,0.1636,20.1504,259.0515
paid_social,7,12,2024-01-01,2024-12-01,764,120.0,16174.58,0.1571,21.1709,280.2224
paid_social,8,12,2024-01-01,2024-12-01,764,115.0,16024.82,0.1505,20.9749,301.1973
paid_social,9,12,2024-01-01,2024-12-01,764,116.0,16450.8,0.1518,21.5325,322.7297
paid_social,10,12,2024-01-01,2024-12-01,764,110.0,13412.35,0.144,17.5554,340.2852
paid_social,11,12,2024-01-01,2024-12-01,764,106.0,15544.95,0.1387,20.3468,360.632
paid_social,12,12,2024-01-01,2024-12-01,764,117.0,17181.41,0.1531,22.4888,383.1207
referral,0,12,2024-01-01,2024-12-01,655,655.0,76129.98,1.0,116.229,116.229
referral,1,12,2024-01-01,2024-12-01,655,219.0,32518.78,0.3344,49.647,165.876
referral,2,12,2024-01-01,2024-12-01,655,201.0,30443.58,0.3069,46.4787,212.3547
referral,3,12,2024-01-01,2024-12-01,655,180.0,22736.52,0.2748,34.7122,247.067
referral,4,12,2024-01-01,2024-12-01,655,178.0,24974.62,0.2718,38.1292,285.1962
referral,5,12,2024-01-01,2024-12-01,655,170.0,27436.29,0.2595,41.8875,327.0836
referral,6,12,2024-01-01,2024-12-01,655,183.0,25193.93,0.2794,38.464,365.5476
referral,7,12,2024-01-01,2024-12-01,655,176.0,23295.5,0.2687,35.5656,401.1133
referral,8,12,2024-01-01,2024-12-01,655,193.0,28226.05,0.2947,43.0932,444.2065
referral,9,12,2024-01-01,2024-12-01,655,183.0,27478.05,0.2794,41.9512,486.1577
referral,10,12,2024-01-01,2024-12-01,655,157.0,22184.4,0.2397,33.8693,520.027
referral,11,12,2024-01-01,2024-12-01,655,166.0,26652.66,0.2534,40.6911,560.7181
referral,12,12,2024-01-01,2024-12-01,655,177.0,27954.42,0.2702,42.6785,603.3966
