cohort,cohort_size,months_since_acquisition,observed,buyers,revenue,retention,revenue_per_customer,cumulative_revenue_per_customer
2024-01-01,245,0,True,245.0,26510.91,1.0,108.2078,108.2078
2024-01-01,245,1,True,64.0,7583.52,0.2612,30.9531,139.1609
2024-01-01,245,2,True,64.0,8824.53,0.2612,36.0185,175.1794
2024-01-01,245,3,True,53.0,7290.63,0.2163,29.7577,204.9371
2024-01-01,245,4,True,56.0,7663.62,0.2286,31.2801,236.2172
2024-01-01,245,5,True,57.0,7947.2,0.2327,32.4376,268.6547
2024-01-01,245,6,True,68.0,8405.07,0.2776,34.3064,302.9611
2024-01-01,245,7,True,59.0,6764.22,0.2408,27.6091,330.5702
2024-01-01,245,8,True,53.0,7876.29,0.2163,32.1481,362.7183
2024-01-01,245,9,True,59.0,8325.36,0.2408,33.9811,396.6994
2024-01-01,245,10,True,50.0,6521.7,0.2041,26.6192,423.3186
2024-01-01,245,11,True,62.0,9718.36,0.2531,39.6668,462.9853
2024-01-01,245,12,True,50.0,6438.02,0.2041,26.2776,489.263
2024-01-01,245,13,True,39.0,4543.99,0.1592,18.5469,507.8099
2024-01-01,245,14,True,50.0,7574.12,0.2041,30.9148,538.7247
2024-01-01,245,15,True,39.0,5849.87,0.1592,23.877,562.6017
2024-01-01,245,16,True,37.0,4518.23,0.151,18.4418,581.0434
2024-01-01,245,17,True,35.0,4143.21,0.1429,16.9111,597.9545
2024-01-01,245,18,True,41.0,6269.04,0.1673,25.5879,623.5424
2024-01-01,245,19,True,29.0,5251.98,0.1184,21.4367,644.9791
2024-01-01,245,20,True,34.0,5253.96,0.1388,21.4447,666.4238
2024-01-01,245,21,True,31.0,5708.86,0.1265,23.3015,689.7253
2024-01-01,245,22,True,41.0,5405.46,0.1673,22.0631,711.7884
2024-01-01,245,23,True,47.0,7696.94,0.1918,31.4161,743.2044
2024-02-01,342,0,True,342.0,34923.81,1.0,102.1164,102.1164
2024-02-01,342,1,True,106.0,14808.34,0.3099,43.2992,145.4156
2024-02-01,342,2,True,85.0,13292.51,0.2485,38.867,184.2826
2024-02-01,342,3,True,77.0,10057.03,0.2251,29.4065,213.6892
2024-02-01,342,4,True,80.0,10355.05,0.2339,30.2779,243.9671
2024-02-01,342,5,True,93.0,13481.74,0.2719,39.4203,283.3874
2024-02-01,342,6,True,85.0,13220.56,0.2485,38.6566,322.044
2024-02-01,342,7,True,80.0,12152.82,0.2339,35.5346,357.5785
2024-02-01,342,8,True,72.0,13043.51,0.2105,38.1389,395.7175
2024-02-01,342,9,True,84.0,11880.06,0.2456,34.737,430.4545
2024-02-01,342,10,True,90.0,12205.62,0.2632,35.6889,466.1434
2024-02-01,342,11,True,64.0,10025.08,0.1871,29.3131,495.4565
2024-02-01,342,12,True,62.0,8635.71,0.1813,25.2506,520.7071
2024-02-01,342,13,True,61.0,9490.5,0.1784,27.75,548.4571
2024-02-01,342,14,True,51.0,7334.22,0.1491,21.4451,569.9022
2024-02-01,342,15,True,60.0,7211.26,0.1754,21.0856,590.9878
2024-02-01,342,16,True,60.0,9110.82,0.1754,26.6398,617.6276
2024-02-01,342,17,True,60.0,7964.0,0.1754,23.2865,640.9142
2024-02-01,342,18,True,56.0,7677.08,0.1637,22.4476,663.3618
2024-02-01,342,19,True,43.0,5295.69,0.1257,15.4845,678.8462
2024-02-01,342,20,True,55.0,7930.25,0.1608,23.1879,702.0341
2024-02-01,342,21,True,55.0,8317.94,0.1608,24.3215,726.3556
2024-02-01,342,22,True,60.0,9337.01,0.1754,27.3012,753.6568
2024-02-01,342,23,False,,,,,
2024-03-01,392,0,True,392.0,41877.22,1.0,106.8296,106.8296
2024-03-01,392,1,True,93.0,12436.68,0.2372,31.7262,138.5559
2024-03-01,392,2,True,91.0,14807.28,0.2321,37.7737,176.3295
2024-03-01,392,3,True,94.0,12698.32,0.2398,32.3937,208.7232
2024-03-01,392,4,True,100.0,14493.07,0.2551,36.9721,245.6953
2024-03-01,392,5,True,105.0,15142.95,0.2679,38.63,284.3253
2024-03-01,392,6,True,95.0,11387.07,0.2423,29.0486,313.374
2024-03-01,392,7,True,89.0,13549.19,0.227,34.5643,347.9382
2024-03-01,392,8,True,96.0,16553.1,0.2449,42.2273,390.1655
2024-03-01,392,9,True,91.0,14146.84,0.2321,36.0889,426.2544
2024-03-01,392,10,True,73.0,9615.65,0.1862,24.5297,450.7841
2024-03-01,392,11,True,72.0,9348.45,0.1837,23.8481,474.6322
2024-03-01,392,12,True,75.0,12315.08,0.1913,31.416,506.0482
2024-03-01,392,13,True,68.0,7840.12,0.1735,20.0003,526.0485
2024-03-01,392,14,True,61.0,8211.34,0.1556,20.9473,546.9958
2024-03-01,392,15,True,62.0,7703.7,0.1582,19.6523,566.6481
2024-03-01,392,16,True,62.0,10336.87,0.1582,26.3696,593.0177
2024-03-01,392,17,True,56.0,9000.36,0.1429,22.9601,615.9778
2024-03-01,392,18,True,54.0,8248.05,0.1378,21.0409,637.0187
2024-03-01,392,19,True,58.0,9577.98,0.148,24.4336,661.4523
2024-03-01,392,20,True,60.0,8911.96,0.1531,22.7346,684.1869
2024-03-01,392,21,True,73.0,11566.88,0.1862,29.5073,713.6943
2024-03-01,392,22,False,,,,,
2024-03-01,392,23,False,,,,,
2024-04-01,434,0,True,434.0,48087.58,1.0,110.8009,110.8009
2024-04-01,434,1,True,126.0,16026.67,0.2903,36.9278,147.7287
2024-04-01,434,2,True,113.0,13544.06,0.2604,31.2075,178.9362
2024-04-01,434,3,True,124.0,18559.21,0.2857,42.7632,221.6994
2024-04-01,434,4,True,103.0,10982.91,0.2373,25.3062,247.0056
2024-04-01,434,5,True,92.0,10592.47,0.212,24.4066,271.4122
2024-04-01,434,6,True,83.0,13194.65,0.1912,30.4024,301.8146
2024-04-01,434,7,True,111.0,15528.61,0.2558,35.7802,337.5948
2024-04-01,434,8,True,115.0,17470.34,0.265,40.2542,377.8491
2024-04-01,434,9,True,77.0,10075.91,0.1774,23.2164,401.0655
2024-04-01,434,10,True,64.0,9020.53,0.1475,20.7846,421.8501
2024-04-01,434,11,True,91.0,12247.31,0.2097,28.2196,450.0697
2024-04-01,434,12,True,75.0,10375.38,0.1728,23.9064,473.9761
2024-04-01,434,13,True,63.0,8680.03,0.1452,20.0001,493.9762
2024-04-01,434,14,True,75.0,11332.37,0.1728,26.1115,520.0876
2024-04-01,434,15,True,86.0,12736.0,0.1982,29.3456,549.4332
2024-04-01,434,16,True,72.0,10819.04,0.1659,24.9287,574.3619
2024-04-01,434,17,True,63.0,7359.93,0.1452,16.9584,591.3203
2024-04-01,434,18,True,67.0,10043.02,0.1544,23.1406,614.4609
2024-04-01,434,19,True,81.0,12769.43,0.1866,29.4226,643.8835
2024-04-01,434,20,True,64.0,10729.42,0.1475,24.7222,668.6057
2024-04-01,434,21,False,,,,,
2024-04-01,434,22,False,,,,,
2024-04-01,434,23,False,,,,,
2024-05-01,423,0,True,423.0,42654.61,1.0,100.8383,100.8383
2024-05-01,423,1,True,116.0,15021.98,0.2742,35.513,136.3513
2024-05-01,423,2,True,121.0,18025.92,0.2861,42.6145,178.9657
2024-05-01,423,3,True,99.0,15070.06,0.234,35.6266,214.5924
2024-05-01,423,4,True,103.0,12960.9,0.2435,30.6404,245.2328
2024-05-01,423,5,True,101.0,13874.68,0.2388,32.8007,278.0335
2024-05-01,423,6,True,108.0,17228.19,0.2553,40.7286,318.762
2024-05-01,423,7,True,113.0,18310.91,0.2671,43.2882,362.0502
2024-05-01,423,8,True,71.0,8764.86,0.1678,20.7207,382.7709
2024-05-01,423,9,True,79.0,9918.19,0.1868,23.4473,406.2182
2024-05-01,423,10,True,78.0,10494.56,0.1844,24.8098,431.028
2024-05-01,423,11,True,80.0,9957.84,0.1891,23.541,454.569
2024-05-01,423,12,True,85.0,11298.71,0.2009,26.7109,481.2799
2024-05-01,423,13,True,91.0,11017.16,0.2151,26.0453,507.3252
2024-05-01,423,14,True,78.0,10786.62,0.1844,25.5003,532.8255
2024-05-01,423,15,True,69.0,8394.78,0.1631,19.8458,552.6713
2024-05-01,423,16,True,68.0,10554.89,0.1608,24.9525,577.6238
2024-05-01,423,17,True,60.0,8091.04,0.1418,19.1278,596.7515
2024-05-01,423,18,True,67.0,9733.55,0.1584,23.0108,619.7623
2024-05-01,423,19,True,69.0,9585.29,0.1631,22.6603,642.4226
2024-05-01,423,20,False,,,,,
2024-05-01,423,21,False,,,,,
2024-05-01,423,22,False,,,,,
2024-05-01,423,23,False,,,,,
2024-06-01,458,0,True,458.0,50843.69,1.0,111.0124,111.0124
2024-06-01,458,1,True,156.0,22502.65,0.3406,49.1324,160.1448
2024-06-01,458,2,True,118.0,16340.68,0.2576,35.6783,195.8232
2024-06-01,458,3,True,108.0,13500.39,0.2358,29.4768,225.3
2024-06-01,458,4,True,125.0,17074.27,0.2729,37.2801,262.5801
2024-06-01,458,5,True,126.0,16001.96,0.2751,34.9388,297.5189
2024-06-01,458,6,True,123.0,19690.46,0.2686,42.9923,340.5111
2024-06-01,458,7,True,102.0,14801.19,0.2227,32.317,372.8281
2024-06-01,458,8,True,90.0,12322.15,0.1965,26.9043,399.7324
2024-06-01,458,9,True,111.0,14453.97,0.2424,31.5589,431.2913
2024-06-01,458,10,True,81.0,11249.16,0.1769,24.5615,455.8528
2024-06-01,458,11,True,92.0,15970.4,0.2009,34.8699,490.7226
2024-06-01,458,12,True,90.0,13327.82,0.1965,29.1,519.8227
2024-06-01,458,13,True,86.0,13569.13,0.1878,29.6269,549.4496
2024-06-01,458,14,True,94.0,12836.89,0.2052,28.0281,577.4778
2024-06-01,458,15,True,83.0,11517.69,0.1812,25.1478,602.6255
2024-06-01,458,16,True,71.0,8481.62,0.155,18.5188,621.1444
2024-06-01,458,17,True,85.0,10313.0,0.1856,22.5175,643.6618
2024-06-01,458,18,True,87.0,13481.51,0.19,29.4356,673.0974
2024-06-01,458,19,False,,,,,
2024-06-01,458,20,False,,,,,
2024-06-01,458,21,False,,,,,
2024-06-01,458,22,False,,,,,
2024-06-01,458,23,False,,,,,
2024-07-01,533,0,True,533.0,56594.33,1.0,106.1807,106.1807
2024-07-01,533,1,True,163.0,20855.73,0.3058,39.1289,145.3097
2024-07-01,533,2,True,135.0,17952.57,0.2533,33.6821,178.9918
2024-07-01,533,3,True,139.0,16806.53,0.2608,31.532,210.5238
2024-07-01,533,4,True,143.0,22444.15,0.2683,42.1091,252.6329
2024-07-01,533,5,True,155.0,24981.0,0.2908,46.8687,299.5015
2024-07-01,533,6,True,139.0,18459.86,0.2608,34.6339,334.1354
2024-07-01,533,7,True,110.0,12636.1,0.2064,23.7075,357.8429
2024-07-01,533,8,True,124.0,19698.28,0.2326,36.9574,394.8003
2024-07-01,533,9,True,105.0,15865.02,0.197,29.7655,424.5658
2024-07-01,533,10,True,101.0,13493.64,0.1895,25.3164,449.8822
2024-07-01,533,11,True,98.0,14061.19,0.1839,26.3812,476.2634
2024-07-01,533,12,True,115.0,15089.72,0.2158,28.3109,504.5743
2024-07-01,533,13,True,100.0,13293.78,0.1876,24.9414,529.5158
2024-07-01,533,14,True,91.0,11822.15,0.1707,22.1804,551.6962
2024-07-01,533,15,True,92.0,12535.08,0.1726,23.518,575.2141
2024-07-01,533,16,True,98.0,14738.87,0.1839,27.6527,602.8668
2024-07-01,533,17,True,110.0,18232.68,0.2064,34.2077,637.0744
2024-07-01,533,18,False,,,,,
2024-07-01,533,19,False,,,,,
2024-07-01,533,20,False,,,,,
2024-07-01,533,21,False,,,,,
2024-07-01,533,22,False,,,,,
2024-07-01,533,23,False,,,,,
2024-08-01,494,0,True,494.0,50730.12,1.0,102.6926,102.6926
2024-08-01,494,1,True,141.0,16022.83,0.2854,32.4349,135.1274
2024-08-01,494,2,True,124.0,15870.87,0.251,32.1273,167.2547
2024-08-01,494,3,True,122.0,16808.94,0.247,34.0262,201.2809
2024-08-01,494,4,True,147.0,21131.16,0.2976,42.7756,244.0565
2024-08-01,494,5,True,108.0,12338.78,0.2186,24.9773,269.0338
2024-08-01,494,6,True,96.0,12404.86,0.1943,25.1111,294.1449
2024-08-01,494,7,True,117.0,14177.04,0.2368,28.6985,322.8433
2024-08-01,494,8,True,102.0,12096.18,0.2065,24.4862,347.3295
2024-08-01,494,9,True,107.0,14298.23,0.2166,28.9438,376.2733
2024-08-01,494,10,True,98.0,13241.69,0.1984,26.805,403.0783
2024-08-01,494,11,True,99.0,13215.67,0.2004,26.7524,429.8307
2024-08-01,494,12,True,94.0,14057.12,0.1903,28.4557,458.2864
2024-08-01,494,13,True,84.0,12435.92,0.17,25.1739,483.4603
2024-08-01,494,14,True,100.0,12016.21,0.2024,24.3243,507.7847
2024-08-01,494,15,True,92.0,13567.95,0.1862,27.4655,535.2501
2024-08-01,494,16,True,95.0,14943.83,0.1923,30.2507,565.5008
2024-08-01,494,17,False,,,,,
2024-08-01,494,18,False,,,,,
2024-08-01,494,19,False,,,,,
2024-08-01,494,20,False,,,,,
2024-08-01,494,21,False,,,,,
2024-08-01,494,22,False,,,,,
2024-08-01,494,23,False,,,,,
2024-09-01,446,0,True,446.0,45893.28,1.0,102.8997,102.8997
2024-09-01,446,1,True,128.0,16768.64,0.287,37.5978,140.4976
2024-09-01,446,2,True,133.0,19236.68,0.2982,43.1316,183.6291
2024-09-01,446,3,True,122.0,18115.3,0.2735,40.6173,224.2464
2024-09-01,446,4,True,112.0,12629.56,0.2511,28.3174,252.5638
2024-09-01,446,5,True,81.0,11152.98,0.1816,25.0067,277.5705
2024-09-01,446,6,True,96.0,12834.86,0.2152,28.7777,306.3482
2024-09-01,446,7,True,80.0,9702.27,0.1794,21.754,328.1022
2024-09-01,446,8,True,85.0,11058.71,0.1906,24.7953,352.8975
2024-09-01,446,9,True,81.0,11571.49,0.1816,25.945,378.8425
2024-09-01,446,10,True,99.0,15173.99,0.222,34.0224,412.8649
2024-09-01,446,11,True,76.0,9545.08,0.1704,21.4015,434.2665
2024-09-01,446,12,True,70.0,10643.34,0.157,23.864,458.1304
2024-09-01,446,13,True,88.0,12467.34,0.1973,27.9537,486.0841
2024-09-01,446,14,True,80.0,10185.16,0.1794,22.8367,508.9208
2024-09-01,446,15,True,98.0,17225.86,0.2197,38.623,547.5438
2024-09-01,446,16,False,,,,,
2024-09-01,446,17,False,,,,,
2024-09-01,446,18,False,,,,,
2024-09-01,446,19,False,,,,,
2024-09-01,446,20,False,,,,,
2024-09-01,446,21,False,,,,,
2024-09-01,446,22,False,,,,,
2024-09-01,446,23,False,,,,,
2024-10-01,485,0,True,485.0,50532.54,1.0,104.1908,104.1908
2024-10-01,485,1,True,171.0,24668.67,0.3526,50.8632,155.054
2024-10-01,485,2,True,161.0,24708.69,0.332,50.9458,205.9998
2024-10-01,485,3,True,99.0,13851.2,0.2041,28.5592,234.559
2024-10-01,485,4,True,99.0,12721.98,0.2041,26.2309,260.7899
2024-10-01,485,5,True,111.0,14661.37,0.2289,30.2296,291.0195
2024-10-01,485,6,True,100.0,14726.3,0.2062,30.3635,321.383
2024-10-01,485,7,True,96.0,13814.49,0.1979,28.4835,349.8665
2024-10-01,485,8,True,96.0,13085.9,0.1979,26.9812,376.8477
2024-10-01,485,9,True,109.0,17671.19,0.2247,36.4354,413.2832
2024-10-01,485,10,True,102.0,11974.85,0.2103,24.6904,437.9736
2024-10-01,485,11,True,82.0,11303.74,0.1691,23.3067,461.2802
2024-10-01,485,12,True,97.0,14109.94,0.2,29.0927,490.3729
2024-10-01,485,13,True,92.0,13204.79,0.1897,27.2264,517.5993
2024-10-01,485,14,True,97.0,15366.97,0.2,31.6845,549.2838
2024-10-01,485,15,False,,,,,
2024-10-01,485,16,False,,,,,
2024-10-01,485,17,False,,,,,
2024-10-01,485,18,False,,,,,
2024-10-01,485,19,False,,,,,
2024-10-01,485,20,False,,,,,
2024-10-01,485,21,False,,,,,
2024-10-01,485,22,False,,,,,
2024-10-01,485,23,False,,,,,
2024-11-01,520,0,True,520.0,57108.18,1.0,109.8234,109.8234
2024-11-01,520,1,True,216.0,32258.01,0.4154,62.0346,171.8581
2024-11-01,520,2,True,122.0,15237.76,0.2346,29.3034,201.1614
2024-11-01,520,3,True,106.0,14516.08,0.2038,27.9155,229.077
2024-11-01,520,4,True,148.0,18930.59,0.2846,36.405,265.482
2024-11-01,520,5,True,141.0,20313.58,0.2712,39.0646,304.5465
2024-11-01,520,6,True,135.0,20213.17,0.2596,38.8715,343.418
2024-11-01,520,7,True,120.0,16391.09,0.2308,31.5213,374.9393
2024-11-01,520,8,True,138.0,21077.27,0.2654,40.5332,415.4726
2024-11-01,520,9,True,115.0,17516.76,0.2212,33.6861,449.1586
2024-11-01,520,10,True,97.0,13923.06,0.1865,26.7751,475.9338
2024-11-01,520,11,True,116.0,16619.22,0.2231,31.96,507.8938
2024-11-01,520,12,True,105.0,16780.57,0.2019,32.2703,540.1641
2024-11-01,520,13,True,117.0,19899.25,0.225,38.2678,578.4319
2024-11-01,520,14,False,,,,,
2024-11-01,520,15,False,,,,,
2024-11-01,520,16,False,,,,,
2024-11-01,520,17,False,,,,,
2024-11-01,520,18,False,,,,,
2024-11-01,520,19,False,,,,,
2024-11-01,520,20,False,,,,,
2024-11-01,520,21,False,,,,,
2024-11-01,520,22,False,,,,,
2024-11-01,520,23,False,,,,,
2024-12-01,662,0,True,662.0,75204.91,1.0,113.6026,113.6026
2024-12-01,662,1,True,171.0,22968.36,0.2583,34.6954,148.298
2024-12-01,662,2,True,133.0,18134.55,0.2009,27.3936,175.6916
2024-12-01,662,3,True,162.0,22144.43,0.2447,33.4508,209.1424
2024-12-01,662,4,True,146.0,17776.76,0.2205,26.8531,235.9955
2024-12-01,662,5,True,148.0,20898.27,0.2236,31.5684,267.5639
2024-12-01,662,6,True,141.0,19295.62,0.213,29.1475,296.7113
2024-12-01,662,7,True,163.0,23734.87,0.2462,35.8533,332.5646
2024-12-01,662,8,True,150.0,19329.77,0.2266,29.199,361.7637
2024-12-01,662,9,True,157.0,20958.28,0.2372,31.659,393.4227
2024-12-01,662,10,True,138.0,17951.59,0.2085,27.1172,420.5399
2024-12-01,662,11,True,141.0,22845.09,0.213,34.5092,455.0491
2024-12-01,662,12,True,167.0,27157.54,0.2523,41.0235,496.0726
2024-12-01,662,13,False,,,,,
2024-12-01,662,14,False,,,,,
2024-12-01,662,15,False,,,,,
2024-12-01,662,16,False,,,,,
2024-12-01,662,17,False,,,,,
2024-12-01,662,18,False,,,,,
2024-12-01,662,19,False,,,,,
2024-12-01,662,20,False,,,,,
2024-12-01,662,21,False,,,,,
2024-12-01,662,22,False,,,,,
2024-12-01,662,23,False,,,,,
2025-01-01,525,0,True,525.0,54796.56,1.0,104.3744,104.3744
2025-01-01,525,1,True,136.0,16621.64,0.259,31.6603,136.0347
2025-01-01,525,2,True,129.0,17218.38,0.2457,32.7969,168.8316
2025-01-01,525,3,True,114.0,16936.68,0.2171,32.2603,201.0919
2025-01-01,525,4,True,136.0,16484.36,0.259,31.3988,232.4907
2025-01-01,525,5,True,117.0,15881.34,0.2229,30.2502,262.7409
2025-01-01,525,6,True,133.0,18889.19,0.2533,35.9794,298.7203
2025-01-01,525,7,True,116.0,17114.64,0.221,32.5993,331.3196
2025-01-01,525,8,True,102.0,14377.6,0.1943,27.3859,358.7055
2025-01-01,525,9,True,105.0,15725.63,0.2,29.9536,388.6591
2025-01-01,525,10,True,110.0,16064.27,0.2095,30.5986,419.2577
2025-01-01,525,11,True,124.0,19649.98,0.2362,37.4285,456.6862
2025-01-01,525,12,False,,,,,
2025-01-01,525,13,False,,,,,
2025-01-01,525,14,False,,,,,
2025-01-01,525,15,False,,,,,
2025-01-01,525,16,False,,,,,
2025-01-01,525,17,False,,,,,
2025-01-01,525,18,False,,,,,
2025-01-01,525,19,False,,,,,
2025-01-01,525,20,False,,,,,
2025-01-01,525,21,False,,,,,
2025-01-01,525,22,False,,,,,
2025-01-01,525,23,False,,,,,
2025-02-01,502,0,True,502.0,46714.82,1.0,93.0574,93.0574
2025-02-01,502,1,True,140.0,16884.61,0.2789,33.6347,126.6921
2025-02-01,502,2,True,110.0,15163.12,0.2191,30.2054,156.8975
2025-02-01,502,3,True,101.0,12873.4,0.2012,25.6442,182.5417
2025-02-01,502,4,True,108.0,15661.18,0.2151,31.1976,213.7393
2025-02-01,502,5,True,114.0,15226.55,0.2271,30.3318,244.0711
2025-02-01,502,6,True,102.0,12815.64,0.2032,25.5292,269.6002
2025-02-01,502,7,True,83.0,12263.88,0.1653,24.43,294.0303
2025-02-01,502,8,True,94.0,11729.97,0.1873,23.3665,317.3968
2025-02-01,502,9,True,106.0,15738.52,0.2112,31.3516,348.7484
2025-02-01,502,10,True,111.0,16791.5,0.2211,33.4492,382.1976
2025-02-01,502,11,False,,,,,
2025-02-01,502,12,False,,,,,
2025-02-01,502,13,False,,,,,
2025-02-01,502,14,False,,,,,
2025-02-01,502,15,False,,,,,
2025-02-01,502,16,False,,,,,
2025-02-01,502,17,False,,,,,
2025-02-01,502,18,False,,,,,
2025-02-01,502,19,False,,,,,
2025-02-01,502,20,False,,,,,
2025-02-01,502,21,False,,,,,
2025-02-01,502,22,False,,,,,
2025-02-01,502,23,False,,,,,
2025-03-01,542,0,True,542.0,56153.17,1.0,103.6036,103.6036
2025-03-01,542,1,True,143.0,20490.15,0.2638,37.8047,141.4083
2025-03-01,542,2,True,122.0,17792.49,0.2251,32.8275,174.2358
2025-03-01,542,3,True,138.0,21537.86,0.2546,39.7377,213.9736
2025-03-01,542,4,True,158.0,22360.27,0.2915,41.2551,255.2287
2025-03-01,542,5,True,116.0,16769.51,0.214,30.9401,286.1687
2025-03-01,542,6,True,132.0,21270.19,0.2435,39.2439,325.4126
2025-03-01,542,7,True,115.0,14671.28,0.2122,27.0688,352.4814
2025-03-01,542,8,True,131.0,20737.8,0.2417,38.2616,390.743
2025-03-01,542,9,True,138.0,21497.47,0.2546,39.6632,430.4063
2025-03-01,542,10,False,,,,,
2025-03-01,542,11,False,,,,,
2025-03-01,542,12,False,,,,,
2025-03-01,542,13,False,,,,,
2025-03-01,542,14,False,,,,,
2025-03-01,542,15,False,,,,,
2025-03-01,542,16,False,,,,,
2025-03-01,542,17,False,,,,,
2025-03-01,542,18,False,,,,,
2025-03-01,542,19,False,,,,,
2025-03-01,542,20,False,,,,,
2025-03-01,542,21,False,,,,,
2025-03-01,542,22,False,,,,,
2025-03-01,542,23,False,,,,,
2025-04-01,538,0,True,538.0,57322.15,1.0,106.5467,106.5467
2025-04-01,538,1,True,162.0,22891.72,0.3011,42.5497,149.0964
2025-04-01,538,2,True,121.0,16863.72,0.2249,31.3452,180.4416
2025-04-01,538,3,True,125.0,18629.37,0.2323,34.6271,215.0687
2025-04-01,538,4,True,129.0,20372.72,0.2398,37.8675,252.9362
2025-04-01,538,5,True,127.0,18556.45,0.2361,34.4915,287.4278
2025-04-01,538,6,True,119.0,16517.44,0.2212,30.7016,318.1293
2025-04-01,538,7,True,152.0,19011.47,0.2825,35.3373,353.4666
2025-04-01,538,8,True,149.0,24270.4,0.277,45.1123,398.5789
2025-04-01,538,9,False,,,,,
2025-04-01,538,10,False,,,,,
2025-04-01,538,11,False,,,,,
2025-04-01,538,12,False,,,,,
2025-04-01,538,13,False,,,,,
2025-04-01,538,14,False,,,,,
2025-04-01,538,15,False,,,,,
2025-04-01,538,16,False,,,,,
2025-04-01,538,17,False,,,,,
2025-04-01,538,18,False,,,,,
2025-04-01,538,19,False,,,,,
2025-04-01,538,20,False,,,,,
2025-04-01,538,21,False,,,,,
2025-04-01,538,22,False,,,,,
2025-04-01,538,23,False,,,,,
2025-05-01,534,0,True,534.0,55413.54,1.0,103.7707,103.7707
2025-05-01,534,1,True,175.0,23162.4,0.3277,43.3753,147.146
2025-05-01,534,2,True,161.0,25060.54,0.3015,46.9299,194.0758
2025-05-01,534,3,True,158.0,23734.53,0.2959,44.4467,238.5225
2025-05-01,534,4,True,146.0,19249.38,0.2734,36.0475,274.57
2025-05-01,534,5,True,138.0,18643.54,0.2584,34.913,309.483
2025-05-01,534,6,True,153.0,22834.13,0.2865,42.7605,352.2436
2025-05-01,534,7,True,155.0,24652.43,0.2903,46.1656,398.4092
2025-05-01,534,8,False,,,,,
2025-05-01,534,9,False,,,,,
2025-05-01,534,10,False,,,,,
2025-05-01,534,11,False,,,,,
2025-05-01,534,12,False,,,,,
2025-05-01,534,13,False,,,,,
2025-05-01,534,14,False,,,,,
2025-05-01,534,15,False,,,,,
2025-05-01,534,16,False,,,,,
2025-05-01,534,17,False,,,,,
2025-05-01,534,18,False,,,,,
2025-05-01,534,19,False,,,,,
2025-05-01,534,20,False,,,,,
2025-05-01,534,21,False,,,,,
2025-05-01,534,22,False,,,,,
2025-05-01,534,23,False,,,,,
2025-06-01,568,0,True,568.0,62751.56,1.0,110.4781,110.4781
2025-06-01,568,1,True,185.0,24700.32,0.3257,43.4865,153.9646
2025-06-01,568,2,True,138.0,19119.38,0.243,33.6609,187.6255
2025-06-01,568,3,True,146.0,19095.02,0.257,33.618,221.2435
2025-06-01,568,4,True,162.0,25079.05,0.2852,44.1533,265.3967
2025-06-01,568,5,True,147.0,22420.38,0.2588,39.4725,304.8692
2025-06-01,568,6,True,160.0,25490.86,0.2817,44.8783,349.7475
2025-06-01,568,7,False,,,,,
2025-06-01,568,8,False,,,,,
2025-06-01,568,9,False,,,,,
2025-06-01,568,10,False,,,,,
2025-06-01,568,11,False,,,,,
2025-06-01,568,12,False,,,,,
2025-06-01,568,13,False,,,,,
2025-06-01,568,14,False,,,,,
2025-06-01,568,15,False,,,,,
2025-06-01,568,16,False,,,,,
2025-06-01,568,17,False,,,,,
2025-06-01,568,18,False,,,,,
2025-06-01,568,19,False,,,,,
2025-06-01,568,20,False,,,,,
2025-06-01,568,21,False,,,,,
2025-06-01,568,22,False,,,,,
2025-06-01,568,23,False,,,,,
2025-07-01,613,0,True,613.0,66899.77,1.0,109.135,109.135
2025-07-01,613,1,True,175.0,24902.1,0.2855,40.6233,149.7584
2025-07-01,613,2,True,143.0,20404.86,0.2333,33.2869,183.0452
2025-07-01,613,3,True,138.0,20482.16,0.2251,33.413,216.4582
2025-07-01,613,4,True,187.0,26590.71,0.3051,43.378,259.8362
2025-07-01,613,5,True,181.0,27062.59,0.2953,44.1478,303.984
2025-07-01,613,6,False,,,,,
2025-07-01,613,7,False,,,,,
2025-07-01,613,8,False,,,,,
2025-07-01,613,9,False,,,,,
2025-07-01,613,10,False,,,,,
2025-07-01,613,11,False,,,,,
2025-07-01,613,12,False,,,,,
2025-07-01,613,13,False,,,,,
2025-07-01,613,14,False,,,,,
2025-07-01,613,15,False,,,,,
2025-07-01,613,16,False,,,,,
2025-07-01,613,17,False,,,,,
2025-07-01,613,18,False,,,,,
2025-07-01,613,19,False,,,,,
2025-07-01,613,20,False,,,,,
2025-07-01,613,21,False,,,,,
2025-07-01,613,22,False,,,,,
2025-07-01,613,23,False,,,,,
2025-08-01,551,0,True,551.0,61792.08,1.0,112.1453,112.1453
2025-08-01,551,1,True,162.0,20327.03,0.294,36.8912,149.0365
2025-08-01,551,2,True,142.0,20181.99,0.2577,36.6279,185.6644
2025-08-01,551,3,True,152.0,21122.06,0.2759,38.334,223.9985
2025-08-01,551,4,True,188.0,30217.76,0.3412,54.8417,278.8401
2025-08-01,551,5,False,,,,,
2025-08-01,551,6,False,,,,,
2025-08-01,551,7,False,,,,,
2025-08-01,551,8,False,,,,,
2025-08-01,551,9,False,,,,,
2025-08-01,551,10,False,,,,,
2025-08-01,551,11,False,,,,,
2025-08-01,551,12,False,,,,,
2025-08-01,551,13,False,,,,,
2025-08-01,551,14,False,,,,,
2025-08-01,551,15,False,,,,,
2025-08-01,551,16,False,,,,,
2025-08-01,551,17,False,,,,,
2025-08-01,551,18,False,,,,,
2025-08-01,551,19,False,,,,,
2025-08-01,551,20,False,,,,,
2025-08-01,551,21,False,,,,,
2025-08-01,551,22,False,,,,,
2025-08-01,551,23,False,,,,,
2025-09-01,549,0,True,549.0,56565.05,1.0,103.0329,103.0329
2025-09-01,549,1,True,149.0,20019.09,0.2714,36.4646,139.4975
2025-09-01,549,2,True,146.0,20161.9,0.2659,36.7248,176.2223
2025-09-01,549,3,True,133.0,21574.79,0.2423,39.2983,215.5206
2025-09-01,549,4,False,,,,,
2025-09-01,549,5,False,,,,,
2025-09-01,549,6,False,,,,,
2025-09-01,549,7,False,,,,,
2025-09-01,549,8,False,,,,,
2025-09-01,549,9,False,,,,,
2025-09-01,549,10,False,,,,,
2025-09-01,549,11,False,,,,,
2025-09-01,549,12,False,,,,,
2025-09-01,549,13,False,,,,,
2025-09-01,549,14,False,,,,,
2025-09-01,549,15,False,,,,,
2025-09-01,549,16,False,,,,,
2025-09-01,549,17,False,,,,,
2025-09-01,549,18,False,,,,,
2025-09-01,549,19,False,,,,,
2025-09-01,549,20,False,,,,,
2025-09-01,549,21,False,,,,,
2025-09-01,549,22,False,,,,,
2025-09-01,549,23,False,,,,,
2025-10-01,552,0,True,552.0,56744.54,1.0,102.7981,102.7981
2025-10-01,552,1,True,172.0,25648.65,0.3116,46.4649,149.263
2025-10-01,552,2,True,160.0,25789.65,0.2899,46.7204,195.9834
2025-10-01,552,3,False,,,,,
2025-10-01,552,4,False,,,,,
2025-10-01,552,5,False,,,,,
2025-10-01,552,6,False,,,,,
2025-10-01,552,7,False,,,,,
2025-10-01,552,8,False,,,,,
2025-10-01,552,9,False,,,,,
2025-10-01,552,10,False,,,,,
2025-10-01,552,11,False,,,,,
2025-10-01,552,12,False,,,,,
2025-10-01,552,13,False,,,,,
2025-10-01,552,14,False,,,,,
2025-10-01,552,15,False,,,,,
2025-10-01,552,16,False,,,,,
2025-10-01,552,17,False,,,,,
2025-10-01,552,18,False,,,,,
2025-10-01,552,19,False,,,,,
2025-10-01,552,20,False,,,,,
2025-10-01,552,21,False,,,,,
2025-10-01,552,22,False,,,,,
2025-10-01,552,23,False,,,,,
2025-11-01,645,0,True,645.0,72696.87,1.0,112.7083,112.7083
2025-11-01,645,1,True,238.0,35934.91,0.369,55.713,168.4214
2025-11-01,645,2,False,,,,,
2025-11-01,645,3,False,,,,,
2025-11-01,645,4,False,,,,,
2025-11-01,645,5,False,,,,,
2025-11-01,645,6,False,,,,,
2025-11-01,645,7,False,,,,,
2025-11-01,645,8,False,,,,,
2025-11-01,645,9,False,,,,,
2025-11-01,645,10,False,,,,,
2025-11-01,645,11,False,,,,,
2025-11-01,645,12,False,,,,,
2025-11-01,645,13,False,,,,,
2025-11-01,645,14,False,,,,,
2025-11-01,645,15,False,,,,,
2025-11-01,645,16,False,,,,,
2025-11-01,645,17,False,,,,,
2025-11-01,645,18,False,,,,,
2025-11-01,645,19,False,,,,,
2025-11-01,645,20,False,,,,,
2025-11-01,645,21,False,,,,,
2025-11-01,645,22,False,,,,,
2025-11-01,645,23,False,,,,,
2025-12-01,806,0,True,806.0,87999.24,1.0,109.1802,109.1802
2025-12-01,806,1,False,,,,,
2025-12-01,806,2,False,,,,,
2025-12-01,806,3,False,,,,,
2025-12-01,806,4,False,,,,,
2025-12-01,806,5,False,,,,,
2025-12-01,806,6,False,,,,,
2025-12-01,806,7,False,,,,,
2025-12-01,806,8,False,,,,,
2025-12-01,806,9,False,,,,,
2025-12-01,806,10,False,,,,,
2025-12-01,806,11,False,,,,,
2025-12-01,806,12,False,,,,,
2025-12-01,806,13,False,,,,,
2025-12-01,806,14,False,,,,,
2025-12-01,806,15,False,,,,,
2025-12-01,806,16,False,,,,,
2025-12-01,806,17,False,,,,,
2025-12-01,806,18,False,,,,,
2025-12-01,806,19,False,,,,,
2025-12-01,806,20,False,,,,,
2025-12-01,806,21,False,,,,,
2025-12-01,806,22,False,,,,,
2025-12-01,806,23,False,,,,,
