decision_point,acquisition_channel,resolved,favourable_n,favourable_rate,rate_ci_low,rate_ci_high
second_purchase,affiliate,462,204,0.4416,0.3969,0.4871
second_purchase,display,237,96,0.4051,0.3446,0.4686
second_purchase,email,996,455,0.4568,0.4261,0.4879
second_purchase,organic_search,1337,681,0.5093,0.4826,0.5361
second_purchase,paid_search,1699,789,0.4644,0.4408,0.4882
second_purchase,paid_social,1016,424,0.4173,0.3874,0.4479
second_purchase,referral,840,418,0.4976,0.4639,0.5314
active_kept,affiliate,1062,875,0.8239,0.7999,0.8456
active_kept,display,521,416,0.7985,0.7619,0.8307
active_kept,email,2453,2008,0.8186,0.8028,0.8333
active_kept,organic_search,3466,2803,0.8087,0.7953,0.8215
active_kept,paid_search,4045,3311,0.8185,0.8064,0.8301
active_kept,paid_social,2228,1787,0.8021,0.785,0.8181
active_kept,referral,2151,1800,0.8368,0.8206,0.8518
loyal_kept,affiliate,915,846,0.9246,0.9056,0.94
loyal_kept,display,406,368,0.9064,0.8741,0.931
loyal_kept,email,2423,2251,0.929,0.9181,0.9386
loyal_kept,organic_search,2964,2733,0.9221,0.9119,0.9312
loyal_kept,paid_search,3668,3387,0.9234,0.9143,0.9316
loyal_kept,paid_social,1297,1165,0.8982,0.8806,0.9135
loyal_kept,referral,2115,1992,0.9418,0.931,0.951
at_risk_recovery,affiliate,470,141,0.3,0.2603,0.3429
at_risk_recovery,display,276,70,0.2536,0.2059,0.3081
at_risk_recovery,email,1065,358,0.3362,0.3084,0.3651
at_risk_recovery,organic_search,1403,505,0.3599,0.3352,0.3854
at_risk_recovery,paid_search,1765,545,0.3088,0.2877,0.3307
at_risk_recovery,paid_social,1088,296,0.2721,0.2465,0.2993
at_risk_recovery,referral,787,279,0.3545,0.3219,0.3886
