key,theme,kpi,value,display,interval,comparison,definition,source,field
leads,Acquisition,Leads generated,40000,"40,000",,,"Prospects (identified leads) created from 2024-01-01 until the data end (2026-01-01, exclusive).",projects/00_foundation/outputs/data_profile.json,headline.leads
lead_conversion_60d,Acquisition,Lead → customer (60 days),0.3001,30.0%,,,"Share of leads that place a first order within 60 days of lead creation, among leads with a complete 60-day window (all channels).",projects/00_foundation/outputs/data_profile.json,headline.lead_conversion_rate_60d
lead_score_lift_top10,Acquisition,"Lead score lift, top 10%",3.8602,3.86×,,,Conversion rate of the top 10% of open leads ranked by the champion lead score (logistic_regression) divided by the average rate. Conversion = first order within 30 days of a monthly scoring run; out-of-time holdout runs 2025-07-01 to 2025-12-01.,projects/01_acquisition/outputs/metrics.json,models[champion=True].holdout_lift_top10
lead_score_auc,Acquisition,Lead score ROC AUC,0.8099,0.810,95% CI 0.801 to 0.820,,Holdout ROC AUC of the champion lead score (logistic_regression); 0.5 is random ranking. Interval: clustered bootstrap.,projects/01_acquisition/outputs/metrics.json,models[champion=True].holdout_roc_auc
lead_purchase_rate_30d,Conversion,Lead → purchase (30 days),0.248765,24.9%,,,"Share of the 17,004 leads created 2024-03-04 to 2025-02-01 (exclusive) who reach purchase within 30 days of lead creation.",projects/03_conversion/outputs/metrics.json,funnel.prospect_funnel[stage=purchase].share_of_start
largest_loss_step,Conversion,Largest funnel loss,product_view->add_to_cart,product view → add to cart,,,"Session funnel step (prospect sessions, 2024-03-04 to 2025-03-03) where the most sessions are lost.",projects/03_conversion/outputs/metrics.json,funnel.largest_loss_step
checkout_lift,Conversion,Checkout test lift,0.028927,+2.9 pp,95% CI +0.6 to +5.1 pp,,"One-page checkout minus control in first-purchase conversion (2025-03-03 to 2025-05-25; 2,886 treatment vs 2,888 control prospects). Decision: Do not ship as tested: conversion improved, but at least one guardrail did not pass. Fix the cause and re-test.",projects/03_conversion/outputs/metrics.json,experiment.primary.diff
checkout_order_value,Conversion,Checkout test: order value,-0.144526,-14.5%,95% CI -20.2% to -8.3%,,"Relative change in average first-order net value, one-page checkout vs control (guardrail; fails if the decline is worse than 5.0%). Status: fail.",projects/03_conversion/outputs/metrics.json,experiment.guardrails.first_order_value.relative
churn_rate_90d,Retention,90-day churn rate,0.4779,47.8%,,,Share of active customers (ordered in the 180 days before a monthly run) who place no order in the next 90 days. Holdout runs 2025-07-01 to 2025-10-01.,projects/02_retention/outputs/metrics.json,models[champion=True].holdout_base_rate
churn_auc,Retention,Churn model ROC AUC,0.8107,0.811,95% CI 0.803 to 0.817,,Holdout ROC AUC of the champion churn model (gradient_boosting). Interval: clustered bootstrap.,projects/02_retention/outputs/metrics.json,models[champion=True].holdout_roc_auc
retention_net_value,Retention,Retention net value / run,14764.1431,"$14,764",,,Holdout net margin per monthly run from offering a retention voucher only to customers with a positive expected value (53.4% of the active base). Assumes a 15.0% save rate and $10.00 incentive; ROI 1.12×.,projects/02_retention/outputs/metrics.json,simulation.expected_net_positive.net_value_per_run
net_revenue,Revenue,"Net revenue, 24 months",5402375.92,$5.40M,,,"Sum of order net amounts (after discounts) from 2024-01-01 until the data end (2026-01-01, exclusive).",projects/00_foundation/outputs/data_profile.json,headline.net_revenue
average_order_value,Revenue,Average order value,84.13,$84.13,,,Mean net amount per order over the same period.,projects/00_foundation/outputs/data_profile.json,headline.average_order_value
repeat_revenue_share,Revenue,Repeat-order revenue,0.8116,81.2%,,,Share of net revenue from orders other than a customer's first.,projects/00_foundation/outputs/data_profile.json,headline.repeat_order_revenue_share
revenue_capture_top10,Revenue,Top-10% value capture,0.4055,40.6%,,,Share of next-180-day revenue generated by the 10% of customers with the highest predicted value (bgnbd_gamma_gamma); holdout run 2025-07-01. A random 10% captures 10%.,projects/04_revenue_growth/outputs/metrics.json,models[champion=True].holdout_capture_top10
growth_net_value,Revenue,Growth program value,8976.0828,"$8,976",,,"Holdout net value (incremental margin minus cost) of offering the growth perk to customers whose predicted incremental margin covers its cost (1,190 customers). Assumes a 5.0% revenue uplift; break-even uplift 2.6%.",projects/04_revenue_growth/outputs/metrics.json,scenario.expected_net_positive.net_value
second_purchase_rate,Lifecycle,Second-purchase rate,0.4656,46.6%,95% CI 45.4% to 47.8%,,"New customer buys again within the new window: share of new customers who order again (become active or loyal) rather than slipping to at risk, 2024-12 to 2025-12. Interval: Wilson 95%.",projects/06_lifecycle/outputs/metrics.json,decision_points[decision_point=second_purchase].favourable_rate
loyal_share,Lifecycle,Loyal customers,0.1537,15.4%,,+4.6 pp vs 2024-12,"Share of customers in the Loyal state at the end of 2025-12: Ordered within the last 90 days, at least 6 orders in the last 365 days and first order more than 180 days ago.",projects/06_lifecycle/outputs/metrics.json,states.current.customer_shares.loyal
at_risk_recovery,Lifecycle,At-risk recovery rate,0.3201,32.0%,95% CI 30.9% to 33.1%,,"At-risk customer returns before churning: share of at-risk customers who order again (return to active or loyal) rather than churning, 2024-12 to 2025-12. Interval: Wilson 95%.",projects/06_lifecycle/outputs/metrics.json,decision_points[decision_point=at_risk_recovery].favourable_rate
churned_share,Lifecycle,Churned customers,0.4026,40.3%,,+19.9 pp vs 2024-12,Share of all customers ever acquired who are churned at the end of 2025-12: Last order more than 180 days ago.,projects/06_lifecycle/outputs/metrics.json,states.current.customer_shares.churned
forecast_13w,Forecast,"Revenue, next 13 weeks",1096669.659,$1.10M,80% interval $1.07M to $1.22M,+62.6% vs same weeks last year,"Champion model (harmonic) forecast of net revenue for the 13 weeks from 2025-12-29 to 2026-03-29, with its 80% empirical prediction interval.",projects/05_predictive_analytics/outputs/metrics.json,forecast.total.forecast
forecast_wape,Forecast,Forecast error (WAPE),0.0999,10.0%,,,Weighted absolute percentage error of the champion over the rolling-origin evaluation backtest (all lead weeks). Naive 4-week run rate: 13.3%.,projects/05_predictive_analytics/outputs/metrics.json,evaluation.overall[model=@config.champion].wape
