decile,customers,mean_predicted,mean_actual,buyer_rate,actual_revenue,share_of_revenue,cumulative_capture,predicted_to_actual
1,865,680.344584,731.128393,0.923699,632426.06,0.405712,0.405712,0.930541
2,864,315.968457,375.596088,0.829861,324515.02,0.208182,0.613893,0.841245
3,864,196.032968,247.086331,0.717593,213482.59,0.136953,0.750846,0.793378
4,864,132.807317,175.001354,0.599537,151201.17,0.096998,0.847844,0.758893
5,865,87.2792,120.525491,0.493642,104254.55,0.066881,0.914725,0.724156
6,864,56.469612,77.327072,0.335648,66810.59,0.04286,0.957585,0.73027
7,864,37.176425,36.888218,0.202546,31871.42,0.020446,0.978031,1.007813
8,864,25.476127,22.89485,0.125,19781.15,0.01269,0.990721,1.112745
9,864,17.49759,9.501667,0.053241,8209.44,0.005266,0.995987,1.841529
10,865,9.185557,7.231514,0.034682,6255.26,0.004013,1.0,1.270212
