feature,rmse_increase,rmse_increase_std
clv_expected_revenue,31.669518,1.590745
browse_sessions_90d,27.605785,1.009309
days_since_last_order,23.728309,0.93357
mean_days_between_orders,20.330606,1.16747
days_since_last_session,16.381301,0.603436
revenue_180d,8.420741,0.832844
plus_member,2.169607,0.154411
income_band,2.065614,0.692417
browse_sessions_30d,1.871407,0.373589
acquisition_channel,1.211281,0.47148
avg_order_value,1.205516,0.134588
bgnbd_expected_orders,0.78027,0.436287
revenue_90d,0.734911,0.195902
bgnbd_p_alive,0.606018,0.22391
emails_received_90d,0.46075,0.33154
orders_180d,0.454537,0.027062
items_per_order,0.426948,0.292302
category_count,0.274415,0.107077
gg_expected_order_value,0.24469,0.349897
orders_total,0.228159,0.115059
max_order_value,0.226557,0.323477
revenue_365d,0.209,0.097492
age_band,0.190218,0.105249
email_clicks_90d,0.188159,0.146627
app_order_share,0.170793,0.212223
email_open_rate_90d,0.154186,0.098812
tenure_days,0.147249,0.611992
region,0.137306,0.194385
revenue_total,0.130161,0.25151
plus_cancelled_180d,0.041637,0.022719
email_opt_in,0.023246,0.011222
device_type,0.020938,0.077002
discount_share,0.011938,0.229918
low_csat_contacts_180d,0.007559,0.004704
orders_365d,0.0,0.0
support_contacts_180d,-0.005446,0.026331
orders_90d,-0.049306,0.131158
store_order_share,-0.14122,0.126055
