depth,policy,customers_targeted,baseline_revenue,incremental_revenue,incremental_margin,program_cost,net_value,roi,break_even_uplift
0.05,random,432.15,77940.3625,3897.018125,1867.385727,3457.2,-1589.814273,-0.459856,0.092568
0.1,random,864.3,155880.725,7794.03625,3734.771453,6914.4,-3179.628547,-0.459856,0.092568
0.2,random,1728.6,311761.45,15588.0725,7469.542907,13828.8,-6359.257093,-0.459856,0.092568
0.3,random,2592.9,467642.175,23382.10875,11204.31436,20743.2,-9538.88564,-0.459856,0.092568
0.5,random,4321.5,779403.625,38970.18125,18673.857267,34572.0,-15898.142733,-0.459856,0.092568
0.05,run_rate,432.15,366079.7485,18303.987425,8770.963789,3457.2,5313.763789,1.537014,0.019708
0.1,run_rate,864.3,602621.62,30131.081,14438.308672,6914.4,7523.908672,1.088151,0.023945
0.2,run_rate,1728.6,900467.532,45023.3766,21574.446957,13828.8,7745.646957,0.56011,0.032049
0.3,run_rate,2592.9,1108925.16,55446.258,26568.916917,20743.2,5825.716917,0.280849,0.039037
0.5,run_rate,4321.5,1373528.826429,68676.441321,32908.598874,34572.0,-1663.401126,-0.048114,0.052527
0.05,rfm_cell_mean,432.15,310570.015264,15528.500763,7440.997129,3457.2,3983.797129,1.152319,0.023231
0.1,rfm_cell_mean,864.3,554174.181049,27708.709052,13277.548661,6914.4,6363.148661,0.920275,0.026038
0.2,rfm_cell_mean,1728.6,876514.027429,43825.701371,21000.541074,13828.8,7171.741074,0.518609,0.032925
0.3,rfm_cell_mean,2592.9,1141767.690704,57088.384535,27355.796412,20743.2,6612.596412,0.318784,0.037914
0.5,rfm_cell_mean,4321.5,1264774.547939,63238.727397,30302.93756,34572.0,-4269.06244,-0.123483,0.057044
0.05,bgnbd_gamma_gamma,432.15,400786.187,20039.30935,9602.500951,3457.2,6145.300951,1.777537,0.018002
0.1,bgnbd_gamma_gamma,864.3,632028.992,31601.4496,15142.884645,6914.4,8228.484645,1.19005,0.022831
0.2,bgnbd_gamma_gamma,1728.6,956750.428,47837.5214,22922.937948,13828.8,9094.137948,0.657623,0.030164
0.3,bgnbd_gamma_gamma,2592.9,1170423.67,58521.1835,28042.369645,20743.2,7299.169645,0.351883,0.036985
0.5,bgnbd_gamma_gamma,4321.5,1425879.39,71293.9695,34162.874478,34572.0,-409.125522,-0.011834,0.050599
0.05,gradient_boosting,432.15,405778.235,20288.91175,9722.106235,3457.2,6264.906235,1.812133,0.01778
0.1,gradient_boosting,864.3,650063.555,32503.17775,15574.977651,6914.4,8660.577651,1.252542,0.022197
0.2,gradient_boosting,1728.6,987548.32,49377.416,23660.829614,13828.8,9832.029614,0.710982,0.029223
0.3,gradient_boosting,2592.9,1202642.153,60132.10765,28814.29748,20743.2,8071.09748,0.389096,0.035995
0.5,gradient_boosting,4321.5,1441480.33,72074.0165,34536.659918,34572.0,-35.340082,-0.001022,0.050051
