run_cutoff,customer_id,action,predicted_revenue_180d,bgnbd_p_alive,revenue_180d,revenue_365d,orders_total,plus_member,featured_category,suggested_new_category,realized_revenue_next_180d
2025-07-01,C002236,retention_save,545.346521,0.239356,2506.33,5457.57,52.0,0.0,footwear,,0.0
2025-07-01,C001045,retention_save,528.910057,0.229525,2406.14,5691.61,73.0,1.0,outdoor,,2627.21
2025-07-01,C000660,retention_save,300.370967,0.343054,840.83,1851.48,34.0,0.0,apparel,,327.72
2025-07-01,C003315,retention_save,271.010849,0.40788,155.98,1428.95,15.0,0.0,home,,841.09
2025-07-01,C001063,retention_save,254.477829,0.454164,382.03,1214.87,17.0,0.0,footwear,,0.0
2025-07-01,C004897,retention_save,227.656598,0.434934,492.64,689.26,11.0,1.0,apparel,,276.93
2025-07-01,C003364,retention_save,220.344894,0.411241,454.06,910.72,15.0,1.0,beauty,,0.0
2025-07-01,C002364,retention_save,219.858026,0.440667,263.23,1204.43,13.0,1.0,apparel,,888.1
2025-07-01,C002316,retention_save,218.111949,0.392483,540.87,1431.72,13.0,0.0,outdoor,,281.64
2025-07-01,C003592,retention_save,217.08543,0.490194,450.16,592.11,13.0,1.0,accessories,,133.95
2025-07-01,C005589,vip_care,2589.61779,0.987285,3389.3,3389.3,34.0,1.0,apparel,,3660.43
2025-07-01,C000307,vip_care,2541.690403,0.995169,3299.05,6038.3,88.0,1.0,apparel,,1904.63
2025-07-01,C001651,vip_care,2240.550957,0.986258,3230.38,5766.49,47.0,1.0,footwear,,3710.05
2025-07-01,C001287,vip_care,2040.776812,0.992305,2199.7,4941.56,57.0,1.0,home,,1337.97
2025-07-01,C000216,vip_care,1822.006079,0.992126,1848.94,4050.84,82.0,1.0,apparel,,2178.76
2025-07-01,C004506,vip_care,1774.344503,0.976994,2397.0,2907.27,29.0,1.0,accessories,,1617.24
2025-07-01,C004439,vip_care,1752.625544,0.985153,2296.93,2926.65,29.0,1.0,accessories,,122.97
2025-07-01,C001906,vip_care,1725.926451,0.988055,1759.93,3898.68,61.0,0.0,accessories,,1163.35
2025-07-01,C000238,vip_care,1649.27479,0.96196,1161.79,2997.8,56.0,0.0,footwear,,1629.67
2025-07-01,C003729,vip_care,1592.952389,0.989527,1812.44,3082.46,33.0,1.0,apparel,,1678.65
2025-07-01,C005447,plus_invite,598.272429,0.966422,715.44,797.32,10.0,0.0,home,,149.98
2025-07-01,C002336,plus_invite,597.472626,0.978083,471.87,1285.15,19.0,0.0,apparel,,767.16
2025-07-01,C002555,plus_invite,593.041133,0.980855,598.02,1298.81,17.0,0.0,beauty,,386.92
2025-07-01,C005061,plus_invite,590.781489,0.966328,695.65,942.34,9.0,0.0,footwear,,379.94
2025-07-01,C006505,plus_invite,590.105819,0.953286,462.89,462.89,8.0,0.0,home,,536.38
2025-07-01,C003159,plus_invite,589.907235,0.959168,885.85,1439.51,13.0,0.0,home,,429.12
2025-07-01,C006094,plus_invite,589.518245,0.941291,852.68,852.68,8.0,0.0,footwear,,317.95
2025-07-01,C004755,plus_invite,586.311135,0.903829,758.82,878.47,12.0,0.0,home,,9.99
2025-07-01,C000420,plus_invite,585.253006,0.893777,522.93,1707.33,17.0,0.0,apparel,,362.47
2025-07-01,C001747,plus_invite,583.69803,0.965007,570.93,1546.49,14.0,0.0,footwear,,240.57
2025-07-01,C008394,cross_sell,588.335346,0.829232,251.96,251.96,3.0,1.0,footwear,apparel,0.0
2025-07-01,C002973,cross_sell,564.863249,0.972019,500.86,1142.68,17.0,1.0,apparel,home,483.03
2025-07-01,C006974,cross_sell,556.875787,0.84394,570.89,570.89,6.0,0.0,apparel,beauty,0.0
2025-07-01,C003250,cross_sell,545.385926,0.884661,746.86,1392.75,13.0,1.0,apparel,home,611.01
2025-07-01,C005485,cross_sell,543.519462,0.964802,713.91,713.91,9.0,1.0,outdoor,apparel,774.72
2025-07-01,C008195,cross_sell,537.219464,0.867378,236.97,236.97,3.0,1.0,apparel,home,0.0
2025-07-01,C005877,cross_sell,536.146192,0.923672,431.83,431.83,11.0,1.0,beauty,home,1011.07
2025-07-01,C003372,cross_sell,514.345231,0.939367,403.64,934.53,15.0,1.0,apparel,home,845.72
2025-07-01,C003054,cross_sell,473.336991,0.96052,969.84,1153.71,11.0,1.0,apparel,home,600.79
2025-07-01,C008528,cross_sell,461.138644,0.835729,208.97,208.97,2.0,1.0,apparel,home,212.15
2025-07-01,C002522,personalized_grow,596.873193,0.969804,974.83,1601.7,15.0,0.0,home,,423.89
2025-07-01,C005909,personalized_grow,596.217322,0.922746,921.85,921.85,8.0,1.0,home,,730.96
2025-07-01,C004457,personalized_grow,593.885688,0.903322,700.5,1097.88,12.0,1.0,apparel,,86.98
2025-07-01,C006362,personalized_grow,589.482339,0.909254,952.86,952.86,6.0,1.0,outdoor,,1291.25
2025-07-01,C003195,personalized_grow,588.865337,0.977659,876.77,1116.01,17.0,1.0,apparel,,923.47
2025-07-01,C000419,personalized_grow,588.545239,0.917054,702.39,1601.36,23.0,0.0,beauty,,756.79
2025-07-01,C001764,personalized_grow,587.747344,0.967873,361.89,1330.79,22.0,1.0,beauty,,205.93
2025-07-01,C003389,personalized_grow,587.344873,0.862557,835.87,1408.77,15.0,1.0,home,,992.01
2025-07-01,C005576,personalized_grow,587.272308,0.919663,887.86,887.86,9.0,1.0,footwear,,827.62
2025-07-01,C000212,personalized_grow,584.595117,0.983979,867.8,1610.55,23.0,1.0,home,,745.59
2025-07-01,C001707,low_touch,69.022527,0.550129,0.0,192.06,4.0,0.0,apparel,,0.0
2025-07-01,C004959,low_touch,69.021467,0.725823,129.98,193.87,2.0,0.0,home,,217.46
2025-07-01,C005112,low_touch,68.974809,0.737213,83.28,198.0,2.0,0.0,apparel,,46.99
2025-07-01,C005079,low_touch,68.876242,0.789834,18.99,56.38,2.0,0.0,apparel,,170.51
2025-07-01,C005208,low_touch,68.86139,0.758017,37.59,83.47,2.0,0.0,apparel,,0.0
2025-07-01,C005403,low_touch,68.850292,0.708418,60.34,127.83,2.0,0.0,footwear,,529.13
2025-07-01,C004911,low_touch,68.822519,0.781099,60.79,97.78,2.0,0.0,footwear,,70.99
2025-07-01,C005266,low_touch,68.75995,0.761736,19.19,35.38,2.0,0.0,accessories,,17.99
2025-07-01,C005050,low_touch,68.705792,0.76313,53.57,86.56,2.0,0.0,accessories,,301.92
2025-07-01,C003611,low_touch,68.666353,0.61691,95.98,191.55,3.0,0.0,apparel,,0.0
