share_targeted,policy,customers,revenue_captured,share_of_revenue,revenue_per_customer,lift
0.01,random,86.43,15588.0725,0.01,180.354883,1.0
0.01,run_rate,86.43,106139.1876,0.06809,1228.036418,6.809
0.01,rfm_cell_mean,86.43,66718.907169,0.042801,771.941538,4.280126
0.01,bgnbd_gamma_gamma,86.43,112123.8279,0.071929,1297.279045,7.192924
0.01,gradient_boosting,86.43,114993.4154,0.07377,1330.480336,7.377013
0.01,oracle,86.43,163594.497,0.104949,1892.797605,10.494851
0.05,random,432.15,77940.3625,0.05,180.354883,1.0
0.05,run_rate,432.15,366079.7485,0.234846,847.112689,4.696921
0.05,rfm_cell_mean,432.15,310570.015264,0.199236,718.662537,3.984714
0.05,bgnbd_gamma_gamma,432.15,400786.187,0.257111,927.423781,5.142216
0.05,gradient_boosting,432.15,405778.235,0.260313,938.975437,5.206266
0.05,oracle,432.15,559997.515,0.359247,1295.840599,7.184949
0.1,random,864.3,155880.725,0.1,180.354883,1.0
0.1,run_rate,864.3,602621.62,0.386591,697.236631,3.865915
0.1,rfm_cell_mean,864.3,554174.181049,0.355512,641.182669,3.555117
0.1,bgnbd_gamma_gamma,864.3,632028.992,0.405457,731.261127,4.054568
0.1,gradient_boosting,864.3,650063.555,0.417026,752.127219,4.170263
0.1,oracle,864.3,878115.654,0.563325,1015.98479,5.633254
0.2,random,1728.6,311761.45,0.2,180.354883,1.0
0.2,run_rate,1728.6,900467.532,0.577664,520.92302,2.888322
0.2,rfm_cell_mean,1728.6,876514.027429,0.562298,507.065849,2.811489
0.2,bgnbd_gamma_gamma,1728.6,956750.428,0.613771,553.482835,3.068854
0.2,gradient_boosting,1728.6,987548.32,0.633528,571.299502,3.167641
0.2,oracle,1728.6,1259239.118,0.807822,728.473399,4.039111
